-5,6,Xs8PuygUisv9Mnc6YoPBHNoVLis=,wv5dXpUEK4HveUJxbK1erZputGI=
-7,9,Xs8PuygUisv9Mnc6YoPBHNoVLis=,CMHH9UoLH9hZ2fQtHsDtpcMeIkE=
-6,9,Xs8PuygUisv9Mnc6YoPBHNoVLis=,CMHH9UoLH9hZ2fQtHsDtpcMeIkE=
-6,7,Xs8PuygUisv9Mnc6YoPBHNoVLis=,wv5dXpUEK4HveUJxbK1erZputGI=
-7,10,Xs8PuygUisv9Mnc6YoPBHNoVLis=,CMHH9UoLH9hZ2fQtHsDtpcMeIkE=
-7,8,Xs8PuygUisv9Mnc6YoPBHNoVLis=,CMHH9UoLH9hZ2fQtHsDtpcMeIkE=
-6,10,Xs8PuygUisv9Mnc6YoPBHNoVLis=,CMHH9UoLH9hZ2fQtHsDtpcMeIkE=
-6,8,Xs8PuygUisv9Mnc6YoPBHNoVLis=,CMHH9UoLH9hZ2fQtHsDtpcMeIkE=
-10,10,Xs8PuygUisv9Mnc6YoPBHNoVLis=,n4H6q4feNtrgbyaXxj+9vlrh910=
-11,10,Xs8PuygUisv9Mnc6YoPBHNoVLis=,n4H6q4feNtrgbyaXxj+9vlrh910=
-8,10,Xs8PuygUisv9Mnc6YoPBHNoVLis=,CMHH9UoLH9hZ2fQtHsDtpcMeIkE=
-11,9,Xs8PuygUisv9Mnc6YoPBHNoVLis=,n4H6q4feNtrgbyaXxj+9vlrh910=
-4,10,Xs8PuygUisv9Mnc6YoPBHNoVLis=,xKcXtNG6CaS9d3SPeL0t8m+3JoI=
-5,10,Xs8PuygUisv9Mnc6YoPBHNoVLis=,CMHH9UoLH9hZ2fQtHsDtpcMeIkE=
-5,9,Xs8PuygUisv9Mnc6YoPBHNoVLis=,CMHH9UoLH9hZ2fQtHsDtpcMeIkE=
-3,8,Xs8PuygUisv9Mnc6YoPBHNoVLis=,xKcXtNG6CaS9d3SPeL0t8m+3JoI=
-6,6,Xs8PuygUisv9Mnc6YoPBHNoVLis=,wv5dXpUEK4HveUJxbK1erZputGI=
-4,6,Xs8PuygUisv9Mnc6YoPBHNoVLis=,Nht7ekGgsdBo7SM7yg2IklMqR9I=
-5,8,Xs8PuygUisv9Mnc6YoPBHNoVLis=,CMHH9UoLH9hZ2fQtHsDtpcMeIkE=
-5,7,Xs8PuygUisv9Mnc6YoPBHNoVLis=,wv5dXpUEK4HveUJxbK1erZputGI=
-3,7,Xs8PuygUisv9Mnc6YoPBHNoVLis=,Nht7ekGgsdBo7SM7yg2IklMqR9I=
-3,6,Xs8PuygUisv9Mnc6YoPBHNoVLis=,Nht7ekGgsdBo7SM7yg2IklMqR9I=
-4,9,Xs8PuygUisv9Mnc6YoPBHNoVLis=,xKcXtNG6CaS9d3SPeL0t8m+3JoI=
-3,9,Xs8PuygUisv9Mnc6YoPBHNoVLis=,xKcXtNG6CaS9d3SPeL0t8m+3JoI=
-4,8,Xs8PuygUisv9Mnc6YoPBHNoVLis=,xKcXtNG6CaS9d3SPeL0t8m+3JoI=
-4,7,Xs8PuygUisv9Mnc6YoPBHNoVLis=,Nht7ekGgsdBo7SM7yg2IklMqR9I=
-4,4,Xs8PuygUisv9Mnc6YoPBHNoVLis=,Nht7ekGgsdBo7SM7yg2IklMqR9I=
-5,4,Xs8PuygUisv9Mnc6YoPBHNoVLis=,wv5dXpUEK4HveUJxbK1erZputGI=
-5,5,Xs8PuygUisv9Mnc6YoPBHNoVLis=,wv5dXpUEK4HveUJxbK1erZputGI=
-6,5,Xs8PuygUisv9Mnc6YoPBHNoVLis=,wv5dXpUEK4HveUJxbK1erZputGI=
-6,4,Xs8PuygUisv9Mnc6YoPBHNoVLis=,wv5dXpUEK4HveUJxbK1erZputGI=
-3,5,Xs8PuygUisv9Mnc6YoPBHNoVLis=,Nht7ekGgsdBo7SM7yg2IklMqR9I=
-4,3,Xs8PuygUisv9Mnc6YoPBHNoVLis=,oUaSIHews7odvn2Jc11wEGtM8gM=
-4,5,Xs8PuygUisv9Mnc6YoPBHNoVLis=,Nht7ekGgsdBo7SM7yg2IklMqR9I=
-3,4,Xs8PuygUisv9Mnc6YoPBHNoVLis=,Nht7ekGgsdBo7SM7yg2IklMqR9I=
-6,3,Xs8PuygUisv9Mnc6YoPBHNoVLis=,aDs5SAN9xzSjC87+LOseuF41rHg=
-5,2,Xs8PuygUisv9Mnc6YoPBHNoVLis=,aDs5SAN9xzSjC87+LOseuF41rHg=
-6,2,Xs8PuygUisv9Mnc6YoPBHNoVLis=,aDs5SAN9xzSjC87+LOseuF41rHg=
-4,2,Xs8PuygUisv9Mnc6YoPBHNoVLis=,oUaSIHews7odvn2Jc11wEGtM8gM=
-5,3,Xs8PuygUisv9Mnc6YoPBHNoVLis=,aDs5SAN9xzSjC87+LOseuF41rHg=
-3,2,Xs8PuygUisv9Mnc6YoPBHNoVLis=,oUaSIHews7odvn2Jc11wEGtM8gM=
-3,3,Xs8PuygUisv9Mnc6YoPBHNoVLis=,oUaSIHews7odvn2Jc11wEGtM8gM=
-12,5,Xs8PuygUisv9Mnc6YoPBHNoVLis=,WXkb00Ef+ARzt4eGuSY3c4wYt+0=
-11,8,Xs8PuygUisv9Mnc6YoPBHNoVLis=,n4H6q4feNtrgbyaXxj+9vlrh910=
-12,6,Xs8PuygUisv9Mnc6YoPBHNoVLis=,WXkb00Ef+ARzt4eGuSY3c4wYt+0=
-11,7,Xs8PuygUisv9Mnc6YoPBHNoVLis=,WXkb00Ef+ARzt4eGuSY3c4wYt+0=
-7,7,Xs8PuygUisv9Mnc6YoPBHNoVLis=,wv5dXpUEK4HveUJxbK1erZputGI=
-7,6,Xs8PuygUisv9Mnc6YoPBHNoVLis=,wv5dXpUEK4HveUJxbK1erZputGI=
-9,8,Xs8PuygUisv9Mnc6YoPBHNoVLis=,n4H6q4feNtrgbyaXxj+9vlrh910=
-8,9,Xs8PuygUisv9Mnc6YoPBHNoVLis=,CMHH9UoLH9hZ2fQtHsDtpcMeIkE=
-10,9,Xs8PuygUisv9Mnc6YoPBHNoVLis=,n4H6q4feNtrgbyaXxj+9vlrh910=
-12,2,Xs8PuygUisv9Mnc6YoPBHNoVLis=,sX6iBBbRYUyHLhtYeXscpd4NWqg=
-12,1,Xs8PuygUisv9Mnc6YoPBHNoVLis=,sX6iBBbRYUyHLhtYeXscpd4NWqg=
-11,2,Xs8PuygUisv9Mnc6YoPBHNoVLis=,sX6iBBbRYUyHLhtYeXscpd4NWqg=
-8,8,Xs8PuygUisv9Mnc6YoPBHNoVLis=,CMHH9UoLH9hZ2fQtHsDtpcMeIkE=
-12,4,Xs8PuygUisv9Mnc6YoPBHNoVLis=,WXkb00Ef+ARzt4eGuSY3c4wYt+0=
-12,3,Xs8PuygUisv9Mnc6YoPBHNoVLis=,sX6iBBbRYUyHLhtYeXscpd4NWqg=
-8,7,Xs8PuygUisv9Mnc6YoPBHNoVLis=,wv5dXpUEK4HveUJxbK1erZputGI=
-10,8,Xs8PuygUisv9Mnc6YoPBHNoVLis=,n4H6q4feNtrgbyaXxj+9vlrh910=
-9,9,Xs8PuygUisv9Mnc6YoPBHNoVLis=,n4H6q4feNtrgbyaXxj+9vlrh910=
-7,4,Xs8PuygUisv9Mnc6YoPBHNoVLis=,wv5dXpUEK4HveUJxbK1erZputGI=
-10,7,Xs8PuygUisv9Mnc6YoPBHNoVLis=,WXkb00Ef+ARzt4eGuSY3c4wYt+0=
-10,6,Xs8PuygUisv9Mnc6YoPBHNoVLis=,WXkb00Ef+ARzt4eGuSY3c4wYt+0=
-8,6,Xs8PuygUisv9Mnc6YoPBHNoVLis=,wv5dXpUEK4HveUJxbK1erZputGI=
-9,7,Xs8PuygUisv9Mnc6YoPBHNoVLis=,WXkb00Ef+ARzt4eGuSY3c4wYt+0=
-11,5,Xs8PuygUisv9Mnc6YoPBHNoVLis=,WXkb00Ef+ARzt4eGuSY3c4wYt+0=
-11,3,Xs8PuygUisv9Mnc6YoPBHNoVLis=,sX6iBBbRYUyHLhtYeXscpd4NWqg=
-10,5,Xs8PuygUisv9Mnc6YoPBHNoVLis=,WXkb00Ef+ARzt4eGuSY3c4wYt+0=
-9,4,Xs8PuygUisv9Mnc6YoPBHNoVLis=,WXkb00Ef+ARzt4eGuSY3c4wYt+0=
-10,1,Xs8PuygUisv9Mnc6YoPBHNoVLis=,sX6iBBbRYUyHLhtYeXscpd4NWqg=
-7,0,v9NUkrhf5F8dlWG8fmXGP0BbduU=,aDs5SAN9xzSjC87+LOseuF41rHg=
-10,4,v9NUkrhf5F8dlWG8fmXGP0BbduU=,WXkb00Ef+ARzt4eGuSY3c4wYt+0=
-7,5,v9NUkrhf5F8dlWG8fmXGP0BbduU=,wv5dXpUEK4HveUJxbK1erZputGI=
-8,0,v9NUkrhf5F8dlWG8fmXGP0BbduU=,aDs5SAN9xzSjC87+LOseuF41rHg=
-9,5,v9NUkrhf5F8dlWG8fmXGP0BbduU=,WXkb00Ef+ARzt4eGuSY3c4wYt+0=
-7,3,v9NUkrhf5F8dlWG8fmXGP0BbduU=,aDs5SAN9xzSjC87+LOseuF41rHg=
-9,6,v9NUkrhf5F8dlWG8fmXGP0BbduU=,WXkb00Ef+ARzt4eGuSY3c4wYt+0=
-7,1,v9NUkrhf5F8dlWG8fmXGP0BbduU=,aDs5SAN9xzSjC87+LOseuF41rHg=
-9,0,v9NUkrhf5F8dlWG8fmXGP0BbduU=,sX6iBBbRYUyHLhtYeXscpd4NWqg=
-8,5,v9NUkrhf5F8dlWG8fmXGP0BbduU=,wv5dXpUEK4HveUJxbK1erZputGI=
-9,1,v9NUkrhf5F8dlWG8fmXGP0BbduU=,sX6iBBbRYUyHLhtYeXscpd4NWqg=
-10,2,v9NUkrhf5F8dlWG8fmXGP0BbduU=,sX6iBBbRYUyHLhtYeXscpd4NWqg=
-11,4,v9NUkrhf5F8dlWG8fmXGP0BbduU=,WXkb00Ef+ARzt4eGuSY3c4wYt+0=
-10,0,v9NUkrhf5F8dlWG8fmXGP0BbduU=,sX6iBBbRYUyHLhtYeXscpd4NWqg=
-8,1,v9NUkrhf5F8dlWG8fmXGP0BbduU=,aDs5SAN9xzSjC87+LOseuF41rHg=
-7,2,v9NUkrhf5F8dlWG8fmXGP0BbduU=,aDs5SAN9xzSjC87+LOseuF41rHg=
-8,4,v9NUkrhf5F8dlWG8fmXGP0BbduU=,wv5dXpUEK4HveUJxbK1erZputGI=
-8,2,v9NUkrhf5F8dlWG8fmXGP0BbduU=,aDs5SAN9xzSjC87+LOseuF41rHg=
-9,2,v9NUkrhf5F8dlWG8fmXGP0BbduU=,sX6iBBbRYUyHLhtYeXscpd4NWqg=
-10,3,v9NUkrhf5F8dlWG8fmXGP0BbduU=,sX6iBBbRYUyHLhtYeXscpd4NWqg=
-8,3,v9NUkrhf5F8dlWG8fmXGP0BbduU=,aDs5SAN9xzSjC87+LOseuF41rHg=
-9,3,v9NUkrhf5F8dlWG8fmXGP0BbduU=,sX6iBBbRYUyHLhtYeXscpd4NWqg=
-1,10,v9NUkrhf5F8dlWG8fmXGP0BbduU=,xKcXtNG6CaS9d3SPeL0t8m+3JoI=
-7,11,v9NUkrhf5F8dlWG8fmXGP0BbduU=,CMHH9UoLH9hZ2fQtHsDtpcMeIkE=
-6,11,v9NUkrhf5F8dlWG8fmXGP0BbduU=,CMHH9UoLH9hZ2fQtHsDtpcMeIkE=
-1,9,v9NUkrhf5F8dlWG8fmXGP0BbduU=,xKcXtNG6CaS9d3SPeL0t8m+3JoI=
-2,8,v9NUkrhf5F8dlWG8fmXGP0BbduU=,xKcXtNG6CaS9d3SPeL0t8m+3JoI=
-1,7,v9NUkrhf5F8dlWG8fmXGP0BbduU=,Nht7ekGgsdBo7SM7yg2IklMqR9I=
-2,7,v9NUkrhf5F8dlWG8fmXGP0BbduU=,Nht7ekGgsdBo7SM7yg2IklMqR9I=
-1,8,v9NUkrhf5F8dlWG8fmXGP0BbduU=,xKcXtNG6CaS9d3SPeL0t8m+3JoI=
-6,1,v9NUkrhf5F8dlWG8fmXGP0BbduU=,aDs5SAN9xzSjC87+LOseuF41rHg=
-2,6,v9NUkrhf5F8dlWG8fmXGP0BbduU=,Nht7ekGgsdBo7SM7yg2IklMqR9I=
-6,0,v9NUkrhf5F8dlWG8fmXGP0BbduU=,aDs5SAN9xzSjC87+LOseuF41rHg=
-1,6,v9NUkrhf5F8dlWG8fmXGP0BbduU=,Nht7ekGgsdBo7SM7yg2IklMqR9I=
-5,1,v9NUkrhf5F8dlWG8fmXGP0BbduU=,aDs5SAN9xzSjC87+LOseuF41rHg=
-2,9,v9NUkrhf5F8dlWG8fmXGP0BbduU=,xKcXtNG6CaS9d3SPeL0t8m+3JoI=
-5,0,v9NUkrhf5F8dlWG8fmXGP0BbduU=,aDs5SAN9xzSjC87+LOseuF41rHg=
-2,5,v9NUkrhf5F8dlWG8fmXGP0BbduU=,Nht7ekGgsdBo7SM7yg2IklMqR9I=
-1,4,v9NUkrhf5F8dlWG8fmXGP0BbduU=,Nht7ekGgsdBo7SM7yg2IklMqR9I=
-1,5,v9NUkrhf5F8dlWG8fmXGP0BbduU=,Nht7ekGgsdBo7SM7yg2IklMqR9I=
-12,8,v9NUkrhf5F8dlWG8fmXGP0BbduU=,n4H6q4feNtrgbyaXxj+9vlrh910=
-12,10,v9NUkrhf5F8dlWG8fmXGP0BbduU=,n4H6q4feNtrgbyaXxj+9vlrh910=
-12,7,v9NUkrhf5F8dlWG8fmXGP0BbduU=,WXkb00Ef+ARzt4eGuSY3c4wYt+0=
-12,9,v9NUkrhf5F8dlWG8fmXGP0BbduU=,n4H6q4feNtrgbyaXxj+9vlrh910=
-4,0,v9NUkrhf5F8dlWG8fmXGP0BbduU=,oUaSIHews7odvn2Jc11wEGtM8gM=
-3,0,v9NUkrhf5F8dlWG8fmXGP0BbduU=,oUaSIHews7odvn2Jc11wEGtM8gM=
-8,11,v9NUkrhf5F8dlWG8fmXGP0BbduU=,CMHH9UoLH9hZ2fQtHsDtpcMeIkE=
-9,11,v9NUkrhf5F8dlWG8fmXGP0BbduU=,n4H6q4feNtrgbyaXxj+9vlrh910=
-10,11,v9NUkrhf5F8dlWG8fmXGP0BbduU=,n4H6q4feNtrgbyaXxj+9vlrh910=
-11,11,v9NUkrhf5F8dlWG8fmXGP0BbduU=,n4H6q4feNtrgbyaXxj+9vlrh910=
-12,11,v9NUkrhf5F8dlWG8fmXGP0BbduU=,n4H6q4feNtrgbyaXxj+9vlrh910=
-4,1,v9NUkrhf5F8dlWG8fmXGP0BbduU=,oUaSIHews7odvn2Jc11wEGtM8gM=
-2,4,v9NUkrhf5F8dlWG8fmXGP0BbduU=,Nht7ekGgsdBo7SM7yg2IklMqR9I=
-12,0,v9NUkrhf5F8dlWG8fmXGP0BbduU=,sX6iBBbRYUyHLhtYeXscpd4NWqg=
-3,1,v9NUkrhf5F8dlWG8fmXGP0BbduU=,oUaSIHews7odvn2Jc11wEGtM8gM=
-9,10,v9NUkrhf5F8dlWG8fmXGP0BbduU=,n4H6q4feNtrgbyaXxj+9vlrh910=
-5,11,v9NUkrhf5F8dlWG8fmXGP0BbduU=,CMHH9UoLH9hZ2fQtHsDtpcMeIkE=
-4,12,v9NUkrhf5F8dlWG8fmXGP0BbduU=,tR0aKAKJLGF5Su/3WedODIOcFjs=
-1,12,v9NUkrhf5F8dlWG8fmXGP0BbduU=,tR0aKAKJLGF5Su/3WedODIOcFjs=
-4,11,v9NUkrhf5F8dlWG8fmXGP0BbduU=,xKcXtNG6CaS9d3SPeL0t8m+3JoI=
-11,6,v9NUkrhf5F8dlWG8fmXGP0BbduU=,WXkb00Ef+ARzt4eGuSY3c4wYt+0=
-1,11,v9NUkrhf5F8dlWG8fmXGP0BbduU=,xKcXtNG6CaS9d3SPeL0t8m+3JoI=
-1,13,v9NUkrhf5F8dlWG8fmXGP0BbduU=,tR0aKAKJLGF5Su/3WedODIOcFjs=
-1,3,v9NUkrhf5F8dlWG8fmXGP0BbduU=,oUaSIHews7odvn2Jc11wEGtM8gM=
-1,2,v9NUkrhf5F8dlWG8fmXGP0BbduU=,oUaSIHews7odvn2Jc11wEGtM8gM=
-4,13,v9NUkrhf5F8dlWG8fmXGP0BbduU=,tR0aKAKJLGF5Su/3WedODIOcFjs=
-2,2,v9NUkrhf5F8dlWG8fmXGP0BbduU=,oUaSIHews7odvn2Jc11wEGtM8gM=
-2,3,v9NUkrhf5F8dlWG8fmXGP0BbduU=,oUaSIHews7odvn2Jc11wEGtM8gM=
-4,15,v9NUkrhf5F8dlWG8fmXGP0BbduU=,tR0aKAKJLGF5Su/3WedODIOcFjs=
-4,14,v9NUkrhf5F8dlWG8fmXGP0BbduU=,tR0aKAKJLGF5Su/3WedODIOcFjs=
-2,14,v9NUkrhf5F8dlWG8fmXGP0BbduU=,tR0aKAKJLGF5Su/3WedODIOcFjs=
-2,13,v9NUkrhf5F8dlWG8fmXGP0BbduU=,tR0aKAKJLGF5Su/3WedODIOcFjs=
-11,1,v9NUkrhf5F8dlWG8fmXGP0BbduU=,sX6iBBbRYUyHLhtYeXscpd4NWqg=
-2,15,v9NUkrhf5F8dlWG8fmXGP0BbduU=,tR0aKAKJLGF5Su/3WedODIOcFjs=
-11,0,v9NUkrhf5F8dlWG8fmXGP0BbduU=,sX6iBBbRYUyHLhtYeXscpd4NWqg=
-2,12,v9NUkrhf5F8dlWG8fmXGP0BbduU=,tR0aKAKJLGF5Su/3WedODIOcFjs=
-2,11,v9NUkrhf5F8dlWG8fmXGP0BbduU=,xKcXtNG6CaS9d3SPeL0t8m+3JoI=
-2,10,v9NUkrhf5F8dlWG8fmXGP0BbduU=,xKcXtNG6CaS9d3SPeL0t8m+3JoI=
-3,11,v9NUkrhf5F8dlWG8fmXGP0BbduU=,xKcXtNG6CaS9d3SPeL0t8m+3JoI=
-3,12,v9NUkrhf5F8dlWG8fmXGP0BbduU=,tR0aKAKJLGF5Su/3WedODIOcFjs=
-3,13,v9NUkrhf5F8dlWG8fmXGP0BbduU=,tR0aKAKJLGF5Su/3WedODIOcFjs=
-3,15,v9NUkrhf5F8dlWG8fmXGP0BbduU=,tR0aKAKJLGF5Su/3WedODIOcFjs=
-1,14,v9NUkrhf5F8dlWG8fmXGP0BbduU=,tR0aKAKJLGF5Su/3WedODIOcFjs=
-3,14,v9NUkrhf5F8dlWG8fmXGP0BbduU=,tR0aKAKJLGF5Su/3WedODIOcFjs=
-3,10,v9NUkrhf5F8dlWG8fmXGP0BbduU=,xKcXtNG6CaS9d3SPeL0t8m+3JoI=
-1,15,v9NUkrhf5F8dlWG8fmXGP0BbduU=,tR0aKAKJLGF5Su/3WedODIOcFjs=
-2,1,v9NUkrhf5F8dlWG8fmXGP0BbduU=,oUaSIHews7odvn2Jc11wEGtM8gM=
-1,0,v9NUkrhf5F8dlWG8fmXGP0BbduU=,oUaSIHews7odvn2Jc11wEGtM8gM=
-2,0,v9NUkrhf5F8dlWG8fmXGP0BbduU=,oUaSIHews7odvn2Jc11wEGtM8gM=
-1,1,v9NUkrhf5F8dlWG8fmXGP0BbduU=,oUaSIHews7odvn2Jc11wEGtM8gM=
-7,19,v9NUkrhf5F8dlWG8fmXGP0BbduU=,XBDIoOdoEiOLGfctTjrKAs5ahas=
-7,18,v9NUkrhf5F8dlWG8fmXGP0BbduU=,XBDIoOdoEiOLGfctTjrKAs5ahas=
-7,17,v9NUkrhf5F8dlWG8fmXGP0BbduU=,XBDIoOdoEiOLGfctTjrKAs5ahas=
-6,18,v9NUkrhf5F8dlWG8fmXGP0BbduU=,XBDIoOdoEiOLGfctTjrKAs5ahas=
-6,19,v9NUkrhf5F8dlWG8fmXGP0BbduU=,XBDIoOdoEiOLGfctTjrKAs5ahas=
-2,26,v9NUkrhf5F8dlWG8fmXGP0BbduU=,ZKwhn4kay3jcfackMHQUntDdy1U=
-3,25,v9NUkrhf5F8dlWG8fmXGP0BbduU=,ZKwhn4kay3jcfackMHQUntDdy1U=
-2,25,v9NUkrhf5F8dlWG8fmXGP0BbduU=,ZKwhn4kay3jcfackMHQUntDdy1U=
-3,26,v9NUkrhf5F8dlWG8fmXGP0BbduU=,ZKwhn4kay3jcfackMHQUntDdy1U=
-3,27,v9NUkrhf5F8dlWG8fmXGP0BbduU=,ZKwhn4kay3jcfackMHQUntDdy1U=
-2,28,v9NUkrhf5F8dlWG8fmXGP0BbduU=,alB+zUgFSxnllVKCNhbgIBc2bpk=
-2,29,v9NUkrhf5F8dlWG8fmXGP0BbduU=,alB+zUgFSxnllVKCNhbgIBc2bpk=
-2,27,v9NUkrhf5F8dlWG8fmXGP0BbduU=,ZKwhn4kay3jcfackMHQUntDdy1U=
-2,30,v9NUkrhf5F8dlWG8fmXGP0BbduU=,alB+zUgFSxnllVKCNhbgIBc2bpk=
-3,30,v9NUkrhf5F8dlWG8fmXGP0BbduU=,alB+zUgFSxnllVKCNhbgIBc2bpk=
-3,28,v9NUkrhf5F8dlWG8fmXGP0BbduU=,alB+zUgFSxnllVKCNhbgIBc2bpk=
-3,29,v9NUkrhf5F8dlWG8fmXGP0BbduU=,alB+zUgFSxnllVKCNhbgIBc2bpk=
-3,24,v9NUkrhf5F8dlWG8fmXGP0BbduU=,ZKwhn4kay3jcfackMHQUntDdy1U=
-3,21,v9NUkrhf5F8dlWG8fmXGP0BbduU=,j8FqAp2wuR0uE9wLXVKSsbY6IrY=
-4,21,v9NUkrhf5F8dlWG8fmXGP0BbduU=,j8FqAp2wuR0uE9wLXVKSsbY6IrY=
-3,22,v9NUkrhf5F8dlWG8fmXGP0BbduU=,j8FqAp2wuR0uE9wLXVKSsbY6IrY=
-2,24,v9NUkrhf5F8dlWG8fmXGP0BbduU=,ZKwhn4kay3jcfackMHQUntDdy1U=
-2,23,v9NUkrhf5F8dlWG8fmXGP0BbduU=,j8FqAp2wuR0uE9wLXVKSsbY6IrY=
-4,22,v9NUkrhf5F8dlWG8fmXGP0BbduU=,j8FqAp2wuR0uE9wLXVKSsbY6IrY=
-3,23,v9NUkrhf5F8dlWG8fmXGP0BbduU=,j8FqAp2wuR0uE9wLXVKSsbY6IrY=
-4,24,v9NUkrhf5F8dlWG8fmXGP0BbduU=,ZKwhn4kay3jcfackMHQUntDdy1U=
-4,23,v9NUkrhf5F8dlWG8fmXGP0BbduU=,j8FqAp2wuR0uE9wLXVKSsbY6IrY=
-4,25,v9NUkrhf5F8dlWG8fmXGP0BbduU=,ZKwhn4kay3jcfackMHQUntDdy1U=
-4,26,v9NUkrhf5F8dlWG8fmXGP0BbduU=,ZKwhn4kay3jcfackMHQUntDdy1U=
-7,16,v9NUkrhf5F8dlWG8fmXGP0BbduU=,XBDIoOdoEiOLGfctTjrKAs5ahas=
-6,16,v9NUkrhf5F8dlWG8fmXGP0BbduU=,XBDIoOdoEiOLGfctTjrKAs5ahas=
-8,17,v9NUkrhf5F8dlWG8fmXGP0BbduU=,XBDIoOdoEiOLGfctTjrKAs5ahas=
-8,18,v9NUkrhf5F8dlWG8fmXGP0BbduU=,XBDIoOdoEiOLGfctTjrKAs5ahas=
-4,19,v9NUkrhf5F8dlWG8fmXGP0BbduU=,K9GfRr5uB3K8RfoSiWWiUeEDwwg=
-3,20,v9NUkrhf5F8dlWG8fmXGP0BbduU=,j8FqAp2wuR0uE9wLXVKSsbY6IrY=
-5,19,v9NUkrhf5F8dlWG8fmXGP0BbduU=,XBDIoOdoEiOLGfctTjrKAs5ahas=
-4,20,v9NUkrhf5F8dlWG8fmXGP0BbduU=,j8FqAp2wuR0uE9wLXVKSsbY6IrY=
-6,17,v9NUkrhf5F8dlWG8fmXGP0BbduU=,XBDIoOdoEiOLGfctTjrKAs5ahas=
-5,16,v9NUkrhf5F8dlWG8fmXGP0BbduU=,XBDIoOdoEiOLGfctTjrKAs5ahas=
-4,18,v9NUkrhf5F8dlWG8fmXGP0BbduU=,K9GfRr5uB3K8RfoSiWWiUeEDwwg=
-3,31,v9NUkrhf5F8dlWG8fmXGP0BbduU=,alB+zUgFSxnllVKCNhbgIBc2bpk=
-2,31,v9NUkrhf5F8dlWG8fmXGP0BbduU=,alB+zUgFSxnllVKCNhbgIBc2bpk=
-4,16,v9NUkrhf5F8dlWG8fmXGP0BbduU=,K9GfRr5uB3K8RfoSiWWiUeEDwwg=
-4,17,v9NUkrhf5F8dlWG8fmXGP0BbduU=,K9GfRr5uB3K8RfoSiWWiUeEDwwg=
-4,27,v9NUkrhf5F8dlWG8fmXGP0BbduU=,ZKwhn4kay3jcfackMHQUntDdy1U=
-4,28,v9NUkrhf5F8dlWG8fmXGP0BbduU=,alB+zUgFSxnllVKCNhbgIBc2bpk=
-4,30,v9NUkrhf5F8dlWG8fmXGP0BbduU=,alB+zUgFSxnllVKCNhbgIBc2bpk=
-4,29,v9NUkrhf5F8dlWG8fmXGP0BbduU=,alB+zUgFSxnllVKCNhbgIBc2bpk=
-4,31,v9NUkrhf5F8dlWG8fmXGP0BbduU=,alB+zUgFSxnllVKCNhbgIBc2bpk=
-8,19,v9NUkrhf5F8dlWG8fmXGP0BbduU=,XBDIoOdoEiOLGfctTjrKAs5ahas=
-2,22,v9NUkrhf5F8dlWG8fmXGP0BbduU=,j8FqAp2wuR0uE9wLXVKSsbY6IrY=
-8,16,v9NUkrhf5F8dlWG8fmXGP0BbduU=,XBDIoOdoEiOLGfctTjrKAs5ahas=
-3,19,v9NUkrhf5F8dlWG8fmXGP0BbduU=,K9GfRr5uB3K8RfoSiWWiUeEDwwg=
-5,18,v9NUkrhf5F8dlWG8fmXGP0BbduU=,XBDIoOdoEiOLGfctTjrKAs5ahas=
-2,21,v9NUkrhf5F8dlWG8fmXGP0BbduU=,j8FqAp2wuR0uE9wLXVKSsbY6IrY=
-3,16,avf5oYjaQEFdCAuOGmz1h/ufZ+I=,K9GfRr5uB3K8RfoSiWWiUeEDwwg=
-3,18,avf5oYjaQEFdCAuOGmz1h/ufZ+I=,K9GfRr5uB3K8RfoSiWWiUeEDwwg=
-2,16,avf5oYjaQEFdCAuOGmz1h/ufZ+I=,K9GfRr5uB3K8RfoSiWWiUeEDwwg=
-2,20,avf5oYjaQEFdCAuOGmz1h/ufZ+I=,j8FqAp2wuR0uE9wLXVKSsbY6IrY=
-1,25,avf5oYjaQEFdCAuOGmz1h/ufZ+I=,ZKwhn4kay3jcfackMHQUntDdy1U=
-3,17,avf5oYjaQEFdCAuOGmz1h/ufZ+I=,K9GfRr5uB3K8RfoSiWWiUeEDwwg=
-5,17,avf5oYjaQEFdCAuOGmz1h/ufZ+I=,XBDIoOdoEiOLGfctTjrKAs5ahas=
-1,24,avf5oYjaQEFdCAuOGmz1h/ufZ+I=,ZKwhn4kay3jcfackMHQUntDdy1U=
-2,17,avf5oYjaQEFdCAuOGmz1h/ufZ+I=,K9GfRr5uB3K8RfoSiWWiUeEDwwg=
-1,30,avf5oYjaQEFdCAuOGmz1h/ufZ+I=,alB+zUgFSxnllVKCNhbgIBc2bpk=
-1,29,avf5oYjaQEFdCAuOGmz1h/ufZ+I=,alB+zUgFSxnllVKCNhbgIBc2bpk=
-1,17,avf5oYjaQEFdCAuOGmz1h/ufZ+I=,K9GfRr5uB3K8RfoSiWWiUeEDwwg=
-1,19,avf5oYjaQEFdCAuOGmz1h/ufZ+I=,K9GfRr5uB3K8RfoSiWWiUeEDwwg=
-1,31,avf5oYjaQEFdCAuOGmz1h/ufZ+I=,alB+zUgFSxnllVKCNhbgIBc2bpk=
-1,28,avf5oYjaQEFdCAuOGmz1h/ufZ+I=,alB+zUgFSxnllVKCNhbgIBc2bpk=
-1,16,avf5oYjaQEFdCAuOGmz1h/ufZ+I=,K9GfRr5uB3K8RfoSiWWiUeEDwwg=
-1,20,avf5oYjaQEFdCAuOGmz1h/ufZ+I=,j8FqAp2wuR0uE9wLXVKSsbY6IrY=
-1,21,avf5oYjaQEFdCAuOGmz1h/ufZ+I=,j8FqAp2wuR0uE9wLXVKSsbY6IrY=
-2,19,avf5oYjaQEFdCAuOGmz1h/ufZ+I=,K9GfRr5uB3K8RfoSiWWiUeEDwwg=
-2,18,avf5oYjaQEFdCAuOGmz1h/ufZ+I=,K9GfRr5uB3K8RfoSiWWiUeEDwwg=
-1,23,avf5oYjaQEFdCAuOGmz1h/ufZ+I=,j8FqAp2wuR0uE9wLXVKSsbY6IrY=
-1,18,avf5oYjaQEFdCAuOGmz1h/ufZ+I=,K9GfRr5uB3K8RfoSiWWiUeEDwwg=
-1,27,avf5oYjaQEFdCAuOGmz1h/ufZ+I=,ZKwhn4kay3jcfackMHQUntDdy1U=
-1,22,avf5oYjaQEFdCAuOGmz1h/ufZ+I=,j8FqAp2wuR0uE9wLXVKSsbY6IrY=
-1,26,avf5oYjaQEFdCAuOGmz1h/ufZ+I=,ZKwhn4kay3jcfackMHQUntDdy1U=
