-27,-320,6jK9uDNOwnRNEoJE8AJtRET3Vkk=,40c5jXnrqT7jge8nEZKV3GWPhYQ=
-26,-317,6jK9uDNOwnRNEoJE8AJtRET3Vkk=,40c5jXnrqT7jge8nEZKV3GWPhYQ=
-24,-317,6jK9uDNOwnRNEoJE8AJtRET3Vkk=,40c5jXnrqT7jge8nEZKV3GWPhYQ=
-27,-318,6jK9uDNOwnRNEoJE8AJtRET3Vkk=,40c5jXnrqT7jge8nEZKV3GWPhYQ=
-27,-317,6jK9uDNOwnRNEoJE8AJtRET3Vkk=,40c5jXnrqT7jge8nEZKV3GWPhYQ=
-26,-318,6jK9uDNOwnRNEoJE8AJtRET3Vkk=,40c5jXnrqT7jge8nEZKV3GWPhYQ=
-28,-317,6jK9uDNOwnRNEoJE8AJtRET3Vkk=,40c5jXnrqT7jge8nEZKV3GWPhYQ=
-29,-320,6jK9uDNOwnRNEoJE8AJtRET3Vkk=,40c5jXnrqT7jge8nEZKV3GWPhYQ=
-29,-317,6jK9uDNOwnRNEoJE8AJtRET3Vkk=,40c5jXnrqT7jge8nEZKV3GWPhYQ=
-21,-317,6jK9uDNOwnRNEoJE8AJtRET3Vkk=,40c5jXnrqT7jge8nEZKV3GWPhYQ=
-27,-319,6jK9uDNOwnRNEoJE8AJtRET3Vkk=,40c5jXnrqT7jge8nEZKV3GWPhYQ=
-31,-320,6jK9uDNOwnRNEoJE8AJtRET3Vkk=,40c5jXnrqT7jge8nEZKV3GWPhYQ=
-20,-317,6jK9uDNOwnRNEoJE8AJtRET3Vkk=,40c5jXnrqT7jge8nEZKV3GWPhYQ=
-30,-317,6jK9uDNOwnRNEoJE8AJtRET3Vkk=,40c5jXnrqT7jge8nEZKV3GWPhYQ=
-19,-317,6jK9uDNOwnRNEoJE8AJtRET3Vkk=,40c5jXnrqT7jge8nEZKV3GWPhYQ=
-17,-305,6jK9uDNOwnRNEoJE8AJtRET3Vkk=,40c5jXnrqT7jge8nEZKV3GWPhYQ=
-18,-317,6jK9uDNOwnRNEoJE8AJtRET3Vkk=,40c5jXnrqT7jge8nEZKV3GWPhYQ=
-18,-305,6jK9uDNOwnRNEoJE8AJtRET3Vkk=,40c5jXnrqT7jge8nEZKV3GWPhYQ=
-28,-318,6jK9uDNOwnRNEoJE8AJtRET3Vkk=,40c5jXnrqT7jge8nEZKV3GWPhYQ=
-28,-319,6jK9uDNOwnRNEoJE8AJtRET3Vkk=,40c5jXnrqT7jge8nEZKV3GWPhYQ=
-17,-317,6jK9uDNOwnRNEoJE8AJtRET3Vkk=,40c5jXnrqT7jge8nEZKV3GWPhYQ=
-19,-305,6jK9uDNOwnRNEoJE8AJtRET3Vkk=,40c5jXnrqT7jge8nEZKV3GWPhYQ=
-26,-319,6jK9uDNOwnRNEoJE8AJtRET3Vkk=,40c5jXnrqT7jge8nEZKV3GWPhYQ=
-20,-305,6jK9uDNOwnRNEoJE8AJtRET3Vkk=,40c5jXnrqT7jge8nEZKV3GWPhYQ=
-21,-305,6jK9uDNOwnRNEoJE8AJtRET3Vkk=,40c5jXnrqT7jge8nEZKV3GWPhYQ=
-32,-316,6jK9uDNOwnRNEoJE8AJtRET3Vkk=,40c5jXnrqT7jge8nEZKV3GWPhYQ=
-23,-305,6jK9uDNOwnRNEoJE8AJtRET3Vkk=,40c5jXnrqT7jge8nEZKV3GWPhYQ=
-25,-318,6jK9uDNOwnRNEoJE8AJtRET3Vkk=,40c5jXnrqT7jge8nEZKV3GWPhYQ=
-26,-320,6jK9uDNOwnRNEoJE8AJtRET3Vkk=,40c5jXnrqT7jge8nEZKV3GWPhYQ=
-31,-316,6jK9uDNOwnRNEoJE8AJtRET3Vkk=,40c5jXnrqT7jge8nEZKV3GWPhYQ=
-30,-316,6jK9uDNOwnRNEoJE8AJtRET3Vkk=,40c5jXnrqT7jge8nEZKV3GWPhYQ=
-29,-316,6jK9uDNOwnRNEoJE8AJtRET3Vkk=,40c5jXnrqT7jge8nEZKV3GWPhYQ=
-28,-316,6jK9uDNOwnRNEoJE8AJtRET3Vkk=,40c5jXnrqT7jge8nEZKV3GWPhYQ=
-32,-320,6jK9uDNOwnRNEoJE8AJtRET3Vkk=,40c5jXnrqT7jge8nEZKV3GWPhYQ=
-25,-305,6jK9uDNOwnRNEoJE8AJtRET3Vkk=,40c5jXnrqT7jge8nEZKV3GWPhYQ=
-27,-316,6jK9uDNOwnRNEoJE8AJtRET3Vkk=,40c5jXnrqT7jge8nEZKV3GWPhYQ=
-26,-316,6jK9uDNOwnRNEoJE8AJtRET3Vkk=,40c5jXnrqT7jge8nEZKV3GWPhYQ=
-25,-316,6jK9uDNOwnRNEoJE8AJtRET3Vkk=,40c5jXnrqT7jge8nEZKV3GWPhYQ=
-29,-305,6jK9uDNOwnRNEoJE8AJtRET3Vkk=,40c5jXnrqT7jge8nEZKV3GWPhYQ=
-24,-316,6jK9uDNOwnRNEoJE8AJtRET3Vkk=,40c5jXnrqT7jge8nEZKV3GWPhYQ=
-27,-305,6jK9uDNOwnRNEoJE8AJtRET3Vkk=,40c5jXnrqT7jge8nEZKV3GWPhYQ=
-30,-305,6jK9uDNOwnRNEoJE8AJtRET3Vkk=,40c5jXnrqT7jge8nEZKV3GWPhYQ=
-23,-316,6jK9uDNOwnRNEoJE8AJtRET3Vkk=,40c5jXnrqT7jge8nEZKV3GWPhYQ=
-28,-305,6jK9uDNOwnRNEoJE8AJtRET3Vkk=,40c5jXnrqT7jge8nEZKV3GWPhYQ=
-31,-305,6jK9uDNOwnRNEoJE8AJtRET3Vkk=,40c5jXnrqT7jge8nEZKV3GWPhYQ=
-22,-316,6jK9uDNOwnRNEoJE8AJtRET3Vkk=,40c5jXnrqT7jge8nEZKV3GWPhYQ=
-32,-305,6jK9uDNOwnRNEoJE8AJtRET3Vkk=,40c5jXnrqT7jge8nEZKV3GWPhYQ=
-29,-318,6jK9uDNOwnRNEoJE8AJtRET3Vkk=,40c5jXnrqT7jge8nEZKV3GWPhYQ=
-28,-320,6jK9uDNOwnRNEoJE8AJtRET3Vkk=,40c5jXnrqT7jge8nEZKV3GWPhYQ=
-17,-306,6jK9uDNOwnRNEoJE8AJtRET3Vkk=,40c5jXnrqT7jge8nEZKV3GWPhYQ=
-31,-317,6jK9uDNOwnRNEoJE8AJtRET3Vkk=,40c5jXnrqT7jge8nEZKV3GWPhYQ=
-19,-306,6jK9uDNOwnRNEoJE8AJtRET3Vkk=,40c5jXnrqT7jge8nEZKV3GWPhYQ=
-20,-306,6jK9uDNOwnRNEoJE8AJtRET3Vkk=,40c5jXnrqT7jge8nEZKV3GWPhYQ=
-21,-306,6jK9uDNOwnRNEoJE8AJtRET3Vkk=,40c5jXnrqT7jge8nEZKV3GWPhYQ=
-18,-306,6jK9uDNOwnRNEoJE8AJtRET3Vkk=,40c5jXnrqT7jge8nEZKV3GWPhYQ=
-24,-306,6jK9uDNOwnRNEoJE8AJtRET3Vkk=,40c5jXnrqT7jge8nEZKV3GWPhYQ=
-27,-306,6jK9uDNOwnRNEoJE8AJtRET3Vkk=,40c5jXnrqT7jge8nEZKV3GWPhYQ=
-28,-306,6jK9uDNOwnRNEoJE8AJtRET3Vkk=,40c5jXnrqT7jge8nEZKV3GWPhYQ=
-31,-306,6jK9uDNOwnRNEoJE8AJtRET3Vkk=,40c5jXnrqT7jge8nEZKV3GWPhYQ=
-29,-306,6jK9uDNOwnRNEoJE8AJtRET3Vkk=,40c5jXnrqT7jge8nEZKV3GWPhYQ=
-30,-306,6jK9uDNOwnRNEoJE8AJtRET3Vkk=,40c5jXnrqT7jge8nEZKV3GWPhYQ=
-29,-319,6jK9uDNOwnRNEoJE8AJtRET3Vkk=,40c5jXnrqT7jge8nEZKV3GWPhYQ=
-32,-306,6jK9uDNOwnRNEoJE8AJtRET3Vkk=,40c5jXnrqT7jge8nEZKV3GWPhYQ=
-19,-307,6jK9uDNOwnRNEoJE8AJtRET3Vkk=,40c5jXnrqT7jge8nEZKV3GWPhYQ=
-30,-318,6jK9uDNOwnRNEoJE8AJtRET3Vkk=,40c5jXnrqT7jge8nEZKV3GWPhYQ=
-20,-307,6jK9uDNOwnRNEoJE8AJtRET3Vkk=,40c5jXnrqT7jge8nEZKV3GWPhYQ=
-17,-307,6jK9uDNOwnRNEoJE8AJtRET3Vkk=,40c5jXnrqT7jge8nEZKV3GWPhYQ=
-21,-307,6jK9uDNOwnRNEoJE8AJtRET3Vkk=,40c5jXnrqT7jge8nEZKV3GWPhYQ=
-18,-307,6jK9uDNOwnRNEoJE8AJtRET3Vkk=,40c5jXnrqT7jge8nEZKV3GWPhYQ=
-27,-307,6jK9uDNOwnRNEoJE8AJtRET3Vkk=,40c5jXnrqT7jge8nEZKV3GWPhYQ=
-22,-307,6jK9uDNOwnRNEoJE8AJtRET3Vkk=,40c5jXnrqT7jge8nEZKV3GWPhYQ=
-28,-307,6jK9uDNOwnRNEoJE8AJtRET3Vkk=,40c5jXnrqT7jge8nEZKV3GWPhYQ=
-29,-307,6jK9uDNOwnRNEoJE8AJtRET3Vkk=,40c5jXnrqT7jge8nEZKV3GWPhYQ=
-31,-307,6jK9uDNOwnRNEoJE8AJtRET3Vkk=,40c5jXnrqT7jge8nEZKV3GWPhYQ=
-30,-319,6jK9uDNOwnRNEoJE8AJtRET3Vkk=,40c5jXnrqT7jge8nEZKV3GWPhYQ=
-30,-307,6jK9uDNOwnRNEoJE8AJtRET3Vkk=,40c5jXnrqT7jge8nEZKV3GWPhYQ=
-17,-308,6jK9uDNOwnRNEoJE8AJtRET3Vkk=,40c5jXnrqT7jge8nEZKV3GWPhYQ=
-18,-308,6jK9uDNOwnRNEoJE8AJtRET3Vkk=,40c5jXnrqT7jge8nEZKV3GWPhYQ=
-31,-318,6jK9uDNOwnRNEoJE8AJtRET3Vkk=,40c5jXnrqT7jge8nEZKV3GWPhYQ=
-20,-308,6jK9uDNOwnRNEoJE8AJtRET3Vkk=,40c5jXnrqT7jge8nEZKV3GWPhYQ=
-19,-308,6jK9uDNOwnRNEoJE8AJtRET3Vkk=,40c5jXnrqT7jge8nEZKV3GWPhYQ=
-21,-308,6jK9uDNOwnRNEoJE8AJtRET3Vkk=,40c5jXnrqT7jge8nEZKV3GWPhYQ=
-22,-308,6jK9uDNOwnRNEoJE8AJtRET3Vkk=,40c5jXnrqT7jge8nEZKV3GWPhYQ=
-25,-308,6jK9uDNOwnRNEoJE8AJtRET3Vkk=,40c5jXnrqT7jge8nEZKV3GWPhYQ=
-27,-308,6jK9uDNOwnRNEoJE8AJtRET3Vkk=,40c5jXnrqT7jge8nEZKV3GWPhYQ=
-32,-307,6jK9uDNOwnRNEoJE8AJtRET3Vkk=,40c5jXnrqT7jge8nEZKV3GWPhYQ=
-29,-308,6jK9uDNOwnRNEoJE8AJtRET3Vkk=,40c5jXnrqT7jge8nEZKV3GWPhYQ=
-28,-308,6jK9uDNOwnRNEoJE8AJtRET3Vkk=,40c5jXnrqT7jge8nEZKV3GWPhYQ=
-23,-308,6jK9uDNOwnRNEoJE8AJtRET3Vkk=,40c5jXnrqT7jge8nEZKV3GWPhYQ=
-31,-308,6jK9uDNOwnRNEoJE8AJtRET3Vkk=,40c5jXnrqT7jge8nEZKV3GWPhYQ=
-30,-308,6jK9uDNOwnRNEoJE8AJtRET3Vkk=,40c5jXnrqT7jge8nEZKV3GWPhYQ=
-32,-308,6jK9uDNOwnRNEoJE8AJtRET3Vkk=,40c5jXnrqT7jge8nEZKV3GWPhYQ=
-31,-319,6jK9uDNOwnRNEoJE8AJtRET3Vkk=,40c5jXnrqT7jge8nEZKV3GWPhYQ=
-26,-308,6jK9uDNOwnRNEoJE8AJtRET3Vkk=,40c5jXnrqT7jge8nEZKV3GWPhYQ=
-32,-319,6jK9uDNOwnRNEoJE8AJtRET3Vkk=,40c5jXnrqT7jge8nEZKV3GWPhYQ=
-32,-317,6jK9uDNOwnRNEoJE8AJtRET3Vkk=,40c5jXnrqT7jge8nEZKV3GWPhYQ=
-30,-320,6jK9uDNOwnRNEoJE8AJtRET3Vkk=,40c5jXnrqT7jge8nEZKV3GWPhYQ=
-17,-320,6jK9uDNOwnRNEoJE8AJtRET3Vkk=,40c5jXnrqT7jge8nEZKV3GWPhYQ=
-18,-320,6jK9uDNOwnRNEoJE8AJtRET3Vkk=,40c5jXnrqT7jge8nEZKV3GWPhYQ=
-32,-318,6jK9uDNOwnRNEoJE8AJtRET3Vkk=,40c5jXnrqT7jge8nEZKV3GWPhYQ=
-17,-318,6jK9uDNOwnRNEoJE8AJtRET3Vkk=,40c5jXnrqT7jge8nEZKV3GWPhYQ=
-18,-309,6jK9uDNOwnRNEoJE8AJtRET3Vkk=,40c5jXnrqT7jge8nEZKV3GWPhYQ=
-17,-319,6jK9uDNOwnRNEoJE8AJtRET3Vkk=,40c5jXnrqT7jge8nEZKV3GWPhYQ=
-18,-319,6jK9uDNOwnRNEoJE8AJtRET3Vkk=,40c5jXnrqT7jge8nEZKV3GWPhYQ=
-19,-309,6jK9uDNOwnRNEoJE8AJtRET3Vkk=,40c5jXnrqT7jge8nEZKV3GWPhYQ=
-20,-309,6jK9uDNOwnRNEoJE8AJtRET3Vkk=,40c5jXnrqT7jge8nEZKV3GWPhYQ=
-22,-309,6jK9uDNOwnRNEoJE8AJtRET3Vkk=,40c5jXnrqT7jge8nEZKV3GWPhYQ=
-23,-309,6jK9uDNOwnRNEoJE8AJtRET3Vkk=,40c5jXnrqT7jge8nEZKV3GWPhYQ=
-17,-309,6jK9uDNOwnRNEoJE8AJtRET3Vkk=,40c5jXnrqT7jge8nEZKV3GWPhYQ=
-21,-309,6jK9uDNOwnRNEoJE8AJtRET3Vkk=,40c5jXnrqT7jge8nEZKV3GWPhYQ=
-25,-309,6jK9uDNOwnRNEoJE8AJtRET3Vkk=,40c5jXnrqT7jge8nEZKV3GWPhYQ=
-28,-309,6jK9uDNOwnRNEoJE8AJtRET3Vkk=,40c5jXnrqT7jge8nEZKV3GWPhYQ=
-29,-309,6jK9uDNOwnRNEoJE8AJtRET3Vkk=,40c5jXnrqT7jge8nEZKV3GWPhYQ=
-26,-309,6jK9uDNOwnRNEoJE8AJtRET3Vkk=,40c5jXnrqT7jge8nEZKV3GWPhYQ=
-30,-309,6jK9uDNOwnRNEoJE8AJtRET3Vkk=,40c5jXnrqT7jge8nEZKV3GWPhYQ=
-27,-309,6jK9uDNOwnRNEoJE8AJtRET3Vkk=,40c5jXnrqT7jge8nEZKV3GWPhYQ=
-32,-309,6jK9uDNOwnRNEoJE8AJtRET3Vkk=,40c5jXnrqT7jge8nEZKV3GWPhYQ=
-19,-320,6jK9uDNOwnRNEoJE8AJtRET3Vkk=,40c5jXnrqT7jge8nEZKV3GWPhYQ=
-18,-318,6jK9uDNOwnRNEoJE8AJtRET3Vkk=,40c5jXnrqT7jge8nEZKV3GWPhYQ=
-31,-309,6jK9uDNOwnRNEoJE8AJtRET3Vkk=,40c5jXnrqT7jge8nEZKV3GWPhYQ=
-18,-310,6jK9uDNOwnRNEoJE8AJtRET3Vkk=,40c5jXnrqT7jge8nEZKV3GWPhYQ=
-20,-310,6jK9uDNOwnRNEoJE8AJtRET3Vkk=,40c5jXnrqT7jge8nEZKV3GWPhYQ=
-17,-310,6jK9uDNOwnRNEoJE8AJtRET3Vkk=,40c5jXnrqT7jge8nEZKV3GWPhYQ=
-19,-310,6jK9uDNOwnRNEoJE8AJtRET3Vkk=,40c5jXnrqT7jge8nEZKV3GWPhYQ=
-21,-310,6jK9uDNOwnRNEoJE8AJtRET3Vkk=,40c5jXnrqT7jge8nEZKV3GWPhYQ=
-22,-310,6jK9uDNOwnRNEoJE8AJtRET3Vkk=,40c5jXnrqT7jge8nEZKV3GWPhYQ=
-25,-310,6jK9uDNOwnRNEoJE8AJtRET3Vkk=,40c5jXnrqT7jge8nEZKV3GWPhYQ=
-28,-310,6jK9uDNOwnRNEoJE8AJtRET3Vkk=,40c5jXnrqT7jge8nEZKV3GWPhYQ=
-19,-319,6jK9uDNOwnRNEoJE8AJtRET3Vkk=,40c5jXnrqT7jge8nEZKV3GWPhYQ=
-26,-310,6jK9uDNOwnRNEoJE8AJtRET3Vkk=,40c5jXnrqT7jge8nEZKV3GWPhYQ=
-27,-310,6jK9uDNOwnRNEoJE8AJtRET3Vkk=,40c5jXnrqT7jge8nEZKV3GWPhYQ=
-29,-310,6jK9uDNOwnRNEoJE8AJtRET3Vkk=,40c5jXnrqT7jge8nEZKV3GWPhYQ=
-24,-310,6jK9uDNOwnRNEoJE8AJtRET3Vkk=,40c5jXnrqT7jge8nEZKV3GWPhYQ=
-30,-310,6jK9uDNOwnRNEoJE8AJtRET3Vkk=,40c5jXnrqT7jge8nEZKV3GWPhYQ=
-31,-310,6jK9uDNOwnRNEoJE8AJtRET3Vkk=,40c5jXnrqT7jge8nEZKV3GWPhYQ=
-20,-320,6jK9uDNOwnRNEoJE8AJtRET3Vkk=,40c5jXnrqT7jge8nEZKV3GWPhYQ=
-22,-305,6jK9uDNOwnRNEoJE8AJtRET3Vkk=,40c5jXnrqT7jge8nEZKV3GWPhYQ=
-32,-310,6jK9uDNOwnRNEoJE8AJtRET3Vkk=,40c5jXnrqT7jge8nEZKV3GWPhYQ=
-20,-319,6jK9uDNOwnRNEoJE8AJtRET3Vkk=,40c5jXnrqT7jge8nEZKV3GWPhYQ=
-17,-311,6jK9uDNOwnRNEoJE8AJtRET3Vkk=,40c5jXnrqT7jge8nEZKV3GWPhYQ=
-19,-318,6jK9uDNOwnRNEoJE8AJtRET3Vkk=,40c5jXnrqT7jge8nEZKV3GWPhYQ=
-21,-311,6jK9uDNOwnRNEoJE8AJtRET3Vkk=,40c5jXnrqT7jge8nEZKV3GWPhYQ=
-18,-311,6jK9uDNOwnRNEoJE8AJtRET3Vkk=,40c5jXnrqT7jge8nEZKV3GWPhYQ=
-19,-311,6jK9uDNOwnRNEoJE8AJtRET3Vkk=,40c5jXnrqT7jge8nEZKV3GWPhYQ=
-23,-311,6jK9uDNOwnRNEoJE8AJtRET3Vkk=,40c5jXnrqT7jge8nEZKV3GWPhYQ=
-24,-311,6jK9uDNOwnRNEoJE8AJtRET3Vkk=,40c5jXnrqT7jge8nEZKV3GWPhYQ=
-20,-311,6jK9uDNOwnRNEoJE8AJtRET3Vkk=,40c5jXnrqT7jge8nEZKV3GWPhYQ=
-28,-311,6jK9uDNOwnRNEoJE8AJtRET3Vkk=,40c5jXnrqT7jge8nEZKV3GWPhYQ=
-27,-311,6jK9uDNOwnRNEoJE8AJtRET3Vkk=,40c5jXnrqT7jge8nEZKV3GWPhYQ=
-30,-311,6jK9uDNOwnRNEoJE8AJtRET3Vkk=,40c5jXnrqT7jge8nEZKV3GWPhYQ=
-20,-318,6jK9uDNOwnRNEoJE8AJtRET3Vkk=,40c5jXnrqT7jge8nEZKV3GWPhYQ=
-26,-311,6jK9uDNOwnRNEoJE8AJtRET3Vkk=,40c5jXnrqT7jge8nEZKV3GWPhYQ=
-29,-311,6jK9uDNOwnRNEoJE8AJtRET3Vkk=,40c5jXnrqT7jge8nEZKV3GWPhYQ=
-22,-306,6jK9uDNOwnRNEoJE8AJtRET3Vkk=,40c5jXnrqT7jge8nEZKV3GWPhYQ=
-32,-311,6jK9uDNOwnRNEoJE8AJtRET3Vkk=,40c5jXnrqT7jge8nEZKV3GWPhYQ=
-17,-312,6jK9uDNOwnRNEoJE8AJtRET3Vkk=,40c5jXnrqT7jge8nEZKV3GWPhYQ=
-18,-312,6jK9uDNOwnRNEoJE8AJtRET3Vkk=,40c5jXnrqT7jge8nEZKV3GWPhYQ=
-19,-312,6jK9uDNOwnRNEoJE8AJtRET3Vkk=,40c5jXnrqT7jge8nEZKV3GWPhYQ=
-25,-306,6jK9uDNOwnRNEoJE8AJtRET3Vkk=,40c5jXnrqT7jge8nEZKV3GWPhYQ=
-20,-312,6jK9uDNOwnRNEoJE8AJtRET3Vkk=,40c5jXnrqT7jge8nEZKV3GWPhYQ=
-21,-312,6jK9uDNOwnRNEoJE8AJtRET3Vkk=,40c5jXnrqT7jge8nEZKV3GWPhYQ=
-31,-311,6jK9uDNOwnRNEoJE8AJtRET3Vkk=,40c5jXnrqT7jge8nEZKV3GWPhYQ=
-22,-312,6jK9uDNOwnRNEoJE8AJtRET3Vkk=,40c5jXnrqT7jge8nEZKV3GWPhYQ=
-27,-312,6jK9uDNOwnRNEoJE8AJtRET3Vkk=,40c5jXnrqT7jge8nEZKV3GWPhYQ=
-30,-312,6jK9uDNOwnRNEoJE8AJtRET3Vkk=,40c5jXnrqT7jge8nEZKV3GWPhYQ=
-28,-312,6jK9uDNOwnRNEoJE8AJtRET3Vkk=,40c5jXnrqT7jge8nEZKV3GWPhYQ=
-21,-318,6jK9uDNOwnRNEoJE8AJtRET3Vkk=,40c5jXnrqT7jge8nEZKV3GWPhYQ=
-29,-312,6jK9uDNOwnRNEoJE8AJtRET3Vkk=,40c5jXnrqT7jge8nEZKV3GWPhYQ=
-23,-306,6jK9uDNOwnRNEoJE8AJtRET3Vkk=,40c5jXnrqT7jge8nEZKV3GWPhYQ=
-32,-312,6jK9uDNOwnRNEoJE8AJtRET3Vkk=,40c5jXnrqT7jge8nEZKV3GWPhYQ=
-22,-320,6jK9uDNOwnRNEoJE8AJtRET3Vkk=,40c5jXnrqT7jge8nEZKV3GWPhYQ=
-31,-312,6jK9uDNOwnRNEoJE8AJtRET3Vkk=,40c5jXnrqT7jge8nEZKV3GWPhYQ=
-17,-313,6jK9uDNOwnRNEoJE8AJtRET3Vkk=,40c5jXnrqT7jge8nEZKV3GWPhYQ=
-22,-319,6jK9uDNOwnRNEoJE8AJtRET3Vkk=,40c5jXnrqT7jge8nEZKV3GWPhYQ=
-26,-312,6jK9uDNOwnRNEoJE8AJtRET3Vkk=,40c5jXnrqT7jge8nEZKV3GWPhYQ=
-18,-313,6jK9uDNOwnRNEoJE8AJtRET3Vkk=,40c5jXnrqT7jge8nEZKV3GWPhYQ=
-23,-313,6jK9uDNOwnRNEoJE8AJtRET3Vkk=,40c5jXnrqT7jge8nEZKV3GWPhYQ=
-19,-313,6jK9uDNOwnRNEoJE8AJtRET3Vkk=,40c5jXnrqT7jge8nEZKV3GWPhYQ=
-21,-313,6jK9uDNOwnRNEoJE8AJtRET3Vkk=,40c5jXnrqT7jge8nEZKV3GWPhYQ=
-25,-313,6jK9uDNOwnRNEoJE8AJtRET3Vkk=,40c5jXnrqT7jge8nEZKV3GWPhYQ=
-27,-313,6jK9uDNOwnRNEoJE8AJtRET3Vkk=,40c5jXnrqT7jge8nEZKV3GWPhYQ=
-28,-313,6jK9uDNOwnRNEoJE8AJtRET3Vkk=,40c5jXnrqT7jge8nEZKV3GWPhYQ=
-29,-313,6jK9uDNOwnRNEoJE8AJtRET3Vkk=,40c5jXnrqT7jge8nEZKV3GWPhYQ=
-26,-313,6jK9uDNOwnRNEoJE8AJtRET3Vkk=,40c5jXnrqT7jge8nEZKV3GWPhYQ=
-31,-313,6jK9uDNOwnRNEoJE8AJtRET3Vkk=,40c5jXnrqT7jge8nEZKV3GWPhYQ=
-22,-318,6jK9uDNOwnRNEoJE8AJtRET3Vkk=,40c5jXnrqT7jge8nEZKV3GWPhYQ=
-32,-313,6jK9uDNOwnRNEoJE8AJtRET3Vkk=,40c5jXnrqT7jge8nEZKV3GWPhYQ=
-23,-317,6jK9uDNOwnRNEoJE8AJtRET3Vkk=,40c5jXnrqT7jge8nEZKV3GWPhYQ=
-30,-313,6jK9uDNOwnRNEoJE8AJtRET3Vkk=,40c5jXnrqT7jge8nEZKV3GWPhYQ=
-17,-314,6jK9uDNOwnRNEoJE8AJtRET3Vkk=,40c5jXnrqT7jge8nEZKV3GWPhYQ=
-19,-314,6jK9uDNOwnRNEoJE8AJtRET3Vkk=,40c5jXnrqT7jge8nEZKV3GWPhYQ=
-18,-314,6jK9uDNOwnRNEoJE8AJtRET3Vkk=,40c5jXnrqT7jge8nEZKV3GWPhYQ=
-21,-314,6jK9uDNOwnRNEoJE8AJtRET3Vkk=,40c5jXnrqT7jge8nEZKV3GWPhYQ=
-20,-314,6jK9uDNOwnRNEoJE8AJtRET3Vkk=,40c5jXnrqT7jge8nEZKV3GWPhYQ=
-26,-314,6jK9uDNOwnRNEoJE8AJtRET3Vkk=,40c5jXnrqT7jge8nEZKV3GWPhYQ=
-25,-314,6jK9uDNOwnRNEoJE8AJtRET3Vkk=,40c5jXnrqT7jge8nEZKV3GWPhYQ=
-26,-307,6jK9uDNOwnRNEoJE8AJtRET3Vkk=,40c5jXnrqT7jge8nEZKV3GWPhYQ=
-27,-314,6jK9uDNOwnRNEoJE8AJtRET3Vkk=,40c5jXnrqT7jge8nEZKV3GWPhYQ=
-28,-314,6jK9uDNOwnRNEoJE8AJtRET3Vkk=,40c5jXnrqT7jge8nEZKV3GWPhYQ=
-29,-314,6jK9uDNOwnRNEoJE8AJtRET3Vkk=,40c5jXnrqT7jge8nEZKV3GWPhYQ=
-30,-314,6jK9uDNOwnRNEoJE8AJtRET3Vkk=,40c5jXnrqT7jge8nEZKV3GWPhYQ=
-31,-314,6jK9uDNOwnRNEoJE8AJtRET3Vkk=,40c5jXnrqT7jge8nEZKV3GWPhYQ=
-23,-318,6jK9uDNOwnRNEoJE8AJtRET3Vkk=,40c5jXnrqT7jge8nEZKV3GWPhYQ=
-32,-314,6jK9uDNOwnRNEoJE8AJtRET3Vkk=,40c5jXnrqT7jge8nEZKV3GWPhYQ=
-17,-315,6jK9uDNOwnRNEoJE8AJtRET3Vkk=,40c5jXnrqT7jge8nEZKV3GWPhYQ=
-25,-317,6jK9uDNOwnRNEoJE8AJtRET3Vkk=,40c5jXnrqT7jge8nEZKV3GWPhYQ=
-19,-315,6jK9uDNOwnRNEoJE8AJtRET3Vkk=,40c5jXnrqT7jge8nEZKV3GWPhYQ=
-18,-315,6jK9uDNOwnRNEoJE8AJtRET3Vkk=,40c5jXnrqT7jge8nEZKV3GWPhYQ=
-20,-315,6jK9uDNOwnRNEoJE8AJtRET3Vkk=,40c5jXnrqT7jge8nEZKV3GWPhYQ=
-21,-315,6jK9uDNOwnRNEoJE8AJtRET3Vkk=,40c5jXnrqT7jge8nEZKV3GWPhYQ=
-22,-315,6jK9uDNOwnRNEoJE8AJtRET3Vkk=,40c5jXnrqT7jge8nEZKV3GWPhYQ=
-24,-308,6jK9uDNOwnRNEoJE8AJtRET3Vkk=,40c5jXnrqT7jge8nEZKV3GWPhYQ=
-23,-315,6jK9uDNOwnRNEoJE8AJtRET3Vkk=,40c5jXnrqT7jge8nEZKV3GWPhYQ=
-26,-315,6jK9uDNOwnRNEoJE8AJtRET3Vkk=,40c5jXnrqT7jge8nEZKV3GWPhYQ=
-24,-315,6jK9uDNOwnRNEoJE8AJtRET3Vkk=,40c5jXnrqT7jge8nEZKV3GWPhYQ=
-25,-315,6jK9uDNOwnRNEoJE8AJtRET3Vkk=,40c5jXnrqT7jge8nEZKV3GWPhYQ=
-28,-315,6jK9uDNOwnRNEoJE8AJtRET3Vkk=,40c5jXnrqT7jge8nEZKV3GWPhYQ=
-27,-315,6jK9uDNOwnRNEoJE8AJtRET3Vkk=,40c5jXnrqT7jge8nEZKV3GWPhYQ=
-29,-315,6jK9uDNOwnRNEoJE8AJtRET3Vkk=,40c5jXnrqT7jge8nEZKV3GWPhYQ=
-30,-315,6jK9uDNOwnRNEoJE8AJtRET3Vkk=,40c5jXnrqT7jge8nEZKV3GWPhYQ=
-26,-306,6jK9uDNOwnRNEoJE8AJtRET3Vkk=,40c5jXnrqT7jge8nEZKV3GWPhYQ=
-32,-315,6jK9uDNOwnRNEoJE8AJtRET3Vkk=,40c5jXnrqT7jge8nEZKV3GWPhYQ=
-31,-315,6jK9uDNOwnRNEoJE8AJtRET3Vkk=,40c5jXnrqT7jge8nEZKV3GWPhYQ=
-17,-316,6jK9uDNOwnRNEoJE8AJtRET3Vkk=,40c5jXnrqT7jge8nEZKV3GWPhYQ=
-19,-316,6jK9uDNOwnRNEoJE8AJtRET3Vkk=,40c5jXnrqT7jge8nEZKV3GWPhYQ=
-24,-309,6jK9uDNOwnRNEoJE8AJtRET3Vkk=,40c5jXnrqT7jge8nEZKV3GWPhYQ=
-20,-316,6jK9uDNOwnRNEoJE8AJtRET3Vkk=,40c5jXnrqT7jge8nEZKV3GWPhYQ=
-18,-316,6jK9uDNOwnRNEoJE8AJtRET3Vkk=,40c5jXnrqT7jge8nEZKV3GWPhYQ=
-20,-313,6jK9uDNOwnRNEoJE8AJtRET3Vkk=,40c5jXnrqT7jge8nEZKV3GWPhYQ=
-22,-317,6jK9uDNOwnRNEoJE8AJtRET3Vkk=,40c5jXnrqT7jge8nEZKV3GWPhYQ=
-23,-307,6jK9uDNOwnRNEoJE8AJtRET3Vkk=,40c5jXnrqT7jge8nEZKV3GWPhYQ=
-23,-310,6jK9uDNOwnRNEoJE8AJtRET3Vkk=,40c5jXnrqT7jge8nEZKV3GWPhYQ=
-23,-312,6jK9uDNOwnRNEoJE8AJtRET3Vkk=,40c5jXnrqT7jge8nEZKV3GWPhYQ=
-21,-320,6jK9uDNOwnRNEoJE8AJtRET3Vkk=,40c5jXnrqT7jge8nEZKV3GWPhYQ=
-21,-316,6jK9uDNOwnRNEoJE8AJtRET3Vkk=,40c5jXnrqT7jge8nEZKV3GWPhYQ=
-24,-312,6jK9uDNOwnRNEoJE8AJtRET3Vkk=,40c5jXnrqT7jge8nEZKV3GWPhYQ=
-24,-305,6jK9uDNOwnRNEoJE8AJtRET3Vkk=,40c5jXnrqT7jge8nEZKV3GWPhYQ=
-23,-319,6jK9uDNOwnRNEoJE8AJtRET3Vkk=,40c5jXnrqT7jge8nEZKV3GWPhYQ=
-22,-311,6jK9uDNOwnRNEoJE8AJtRET3Vkk=,40c5jXnrqT7jge8nEZKV3GWPhYQ=
-26,-305,6jK9uDNOwnRNEoJE8AJtRET3Vkk=,40c5jXnrqT7jge8nEZKV3GWPhYQ=
-25,-311,6jK9uDNOwnRNEoJE8AJtRET3Vkk=,40c5jXnrqT7jge8nEZKV3GWPhYQ=
-23,-320,6jK9uDNOwnRNEoJE8AJtRET3Vkk=,40c5jXnrqT7jge8nEZKV3GWPhYQ=
-24,-318,6jK9uDNOwnRNEoJE8AJtRET3Vkk=,40c5jXnrqT7jge8nEZKV3GWPhYQ=
-24,-319,6jK9uDNOwnRNEoJE8AJtRET3Vkk=,40c5jXnrqT7jge8nEZKV3GWPhYQ=
-21,-319,6jK9uDNOwnRNEoJE8AJtRET3Vkk=,40c5jXnrqT7jge8nEZKV3GWPhYQ=
-25,-312,6jK9uDNOwnRNEoJE8AJtRET3Vkk=,40c5jXnrqT7jge8nEZKV3GWPhYQ=
-22,-313,6jK9uDNOwnRNEoJE8AJtRET3Vkk=,40c5jXnrqT7jge8nEZKV3GWPhYQ=
-23,-314,6jK9uDNOwnRNEoJE8AJtRET3Vkk=,40c5jXnrqT7jge8nEZKV3GWPhYQ=
-24,-307,6jK9uDNOwnRNEoJE8AJtRET3Vkk=,40c5jXnrqT7jge8nEZKV3GWPhYQ=
-25,-307,6jK9uDNOwnRNEoJE8AJtRET3Vkk=,40c5jXnrqT7jge8nEZKV3GWPhYQ=
-22,-314,6jK9uDNOwnRNEoJE8AJtRET3Vkk=,40c5jXnrqT7jge8nEZKV3GWPhYQ=
-24,-320,6jK9uDNOwnRNEoJE8AJtRET3Vkk=,40c5jXnrqT7jge8nEZKV3GWPhYQ=
-24,-314,6jK9uDNOwnRNEoJE8AJtRET3Vkk=,40c5jXnrqT7jge8nEZKV3GWPhYQ=
-24,-313,6jK9uDNOwnRNEoJE8AJtRET3Vkk=,40c5jXnrqT7jge8nEZKV3GWPhYQ=
-25,-319,6jK9uDNOwnRNEoJE8AJtRET3Vkk=,40c5jXnrqT7jge8nEZKV3GWPhYQ=
-25,-320,6jK9uDNOwnRNEoJE8AJtRET3Vkk=,40c5jXnrqT7jge8nEZKV3GWPhYQ=
-27,-304,6jK9uDNOwnRNEoJE8AJtRET3Vkk=,dCA7qBCyoJLi4K+W8sT4rVowbys=
-25,-301,6jK9uDNOwnRNEoJE8AJtRET3Vkk=,dCA7qBCyoJLi4K+W8sT4rVowbys=
-26,-302,6jK9uDNOwnRNEoJE8AJtRET3Vkk=,dCA7qBCyoJLi4K+W8sT4rVowbys=
-24,-301,6jK9uDNOwnRNEoJE8AJtRET3Vkk=,dCA7qBCyoJLi4K+W8sT4rVowbys=
-22,-301,6jK9uDNOwnRNEoJE8AJtRET3Vkk=,dCA7qBCyoJLi4K+W8sT4rVowbys=
-27,-301,6jK9uDNOwnRNEoJE8AJtRET3Vkk=,dCA7qBCyoJLi4K+W8sT4rVowbys=
-29,-304,6jK9uDNOwnRNEoJE8AJtRET3Vkk=,dCA7qBCyoJLi4K+W8sT4rVowbys=
-21,-301,6jK9uDNOwnRNEoJE8AJtRET3Vkk=,dCA7qBCyoJLi4K+W8sT4rVowbys=
-27,-302,6jK9uDNOwnRNEoJE8AJtRET3Vkk=,dCA7qBCyoJLi4K+W8sT4rVowbys=
-28,-301,6jK9uDNOwnRNEoJE8AJtRET3Vkk=,dCA7qBCyoJLi4K+W8sT4rVowbys=
-20,-301,6jK9uDNOwnRNEoJE8AJtRET3Vkk=,dCA7qBCyoJLi4K+W8sT4rVowbys=
-29,-301,6jK9uDNOwnRNEoJE8AJtRET3Vkk=,dCA7qBCyoJLi4K+W8sT4rVowbys=
-19,-301,6jK9uDNOwnRNEoJE8AJtRET3Vkk=,dCA7qBCyoJLi4K+W8sT4rVowbys=
-18,-301,6jK9uDNOwnRNEoJE8AJtRET3Vkk=,dCA7qBCyoJLi4K+W8sT4rVowbys=
-31,-304,6jK9uDNOwnRNEoJE8AJtRET3Vkk=,dCA7qBCyoJLi4K+W8sT4rVowbys=
-27,-303,6jK9uDNOwnRNEoJE8AJtRET3Vkk=,dCA7qBCyoJLi4K+W8sT4rVowbys=
-26,-303,6jK9uDNOwnRNEoJE8AJtRET3Vkk=,dCA7qBCyoJLi4K+W8sT4rVowbys=
-30,-301,6jK9uDNOwnRNEoJE8AJtRET3Vkk=,dCA7qBCyoJLi4K+W8sT4rVowbys=
-28,-303,6jK9uDNOwnRNEoJE8AJtRET3Vkk=,dCA7qBCyoJLi4K+W8sT4rVowbys=
-18,-289,6jK9uDNOwnRNEoJE8AJtRET3Vkk=,dCA7qBCyoJLi4K+W8sT4rVowbys=
-17,-289,6jK9uDNOwnRNEoJE8AJtRET3Vkk=,dCA7qBCyoJLi4K+W8sT4rVowbys=
-17,-301,6jK9uDNOwnRNEoJE8AJtRET3Vkk=,dCA7qBCyoJLi4K+W8sT4rVowbys=
-28,-302,6jK9uDNOwnRNEoJE8AJtRET3Vkk=,dCA7qBCyoJLi4K+W8sT4rVowbys=
-19,-289,6jK9uDNOwnRNEoJE8AJtRET3Vkk=,dCA7qBCyoJLi4K+W8sT4rVowbys=
-20,-289,6jK9uDNOwnRNEoJE8AJtRET3Vkk=,dCA7qBCyoJLi4K+W8sT4rVowbys=
-21,-289,6jK9uDNOwnRNEoJE8AJtRET3Vkk=,dCA7qBCyoJLi4K+W8sT4rVowbys=
-26,-289,6jK9uDNOwnRNEoJE8AJtRET3Vkk=,dCA7qBCyoJLi4K+W8sT4rVowbys=
-24,-289,6jK9uDNOwnRNEoJE8AJtRET3Vkk=,dCA7qBCyoJLi4K+W8sT4rVowbys=
-29,-289,6jK9uDNOwnRNEoJE8AJtRET3Vkk=,dCA7qBCyoJLi4K+W8sT4rVowbys=
-30,-289,6jK9uDNOwnRNEoJE8AJtRET3Vkk=,dCA7qBCyoJLi4K+W8sT4rVowbys=
-22,-289,6jK9uDNOwnRNEoJE8AJtRET3Vkk=,dCA7qBCyoJLi4K+W8sT4rVowbys=
-28,-289,6jK9uDNOwnRNEoJE8AJtRET3Vkk=,dCA7qBCyoJLi4K+W8sT4rVowbys=
-31,-301,6jK9uDNOwnRNEoJE8AJtRET3Vkk=,dCA7qBCyoJLi4K+W8sT4rVowbys=
-28,-304,6jK9uDNOwnRNEoJE8AJtRET3Vkk=,dCA7qBCyoJLi4K+W8sT4rVowbys=
-31,-289,6jK9uDNOwnRNEoJE8AJtRET3Vkk=,dCA7qBCyoJLi4K+W8sT4rVowbys=
-17,-290,6jK9uDNOwnRNEoJE8AJtRET3Vkk=,dCA7qBCyoJLi4K+W8sT4rVowbys=
-18,-290,6jK9uDNOwnRNEoJE8AJtRET3Vkk=,dCA7qBCyoJLi4K+W8sT4rVowbys=
-29,-302,6jK9uDNOwnRNEoJE8AJtRET3Vkk=,dCA7qBCyoJLi4K+W8sT4rVowbys=
-21,-290,6jK9uDNOwnRNEoJE8AJtRET3Vkk=,dCA7qBCyoJLi4K+W8sT4rVowbys=
-19,-290,6jK9uDNOwnRNEoJE8AJtRET3Vkk=,dCA7qBCyoJLi4K+W8sT4rVowbys=
-32,-289,6jK9uDNOwnRNEoJE8AJtRET3Vkk=,dCA7qBCyoJLi4K+W8sT4rVowbys=
-20,-290,6jK9uDNOwnRNEoJE8AJtRET3Vkk=,dCA7qBCyoJLi4K+W8sT4rVowbys=
-22,-290,6jK9uDNOwnRNEoJE8AJtRET3Vkk=,dCA7qBCyoJLi4K+W8sT4rVowbys=
-28,-290,6jK9uDNOwnRNEoJE8AJtRET3Vkk=,dCA7qBCyoJLi4K+W8sT4rVowbys=
-30,-290,6jK9uDNOwnRNEoJE8AJtRET3Vkk=,dCA7qBCyoJLi4K+W8sT4rVowbys=
-29,-290,6jK9uDNOwnRNEoJE8AJtRET3Vkk=,dCA7qBCyoJLi4K+W8sT4rVowbys=
-17,-291,6jK9uDNOwnRNEoJE8AJtRET3Vkk=,dCA7qBCyoJLi4K+W8sT4rVowbys=
-29,-303,6jK9uDNOwnRNEoJE8AJtRET3Vkk=,dCA7qBCyoJLi4K+W8sT4rVowbys=
-30,-302,6jK9uDNOwnRNEoJE8AJtRET3Vkk=,dCA7qBCyoJLi4K+W8sT4rVowbys=
-18,-291,6jK9uDNOwnRNEoJE8AJtRET3Vkk=,dCA7qBCyoJLi4K+W8sT4rVowbys=
-31,-290,6jK9uDNOwnRNEoJE8AJtRET3Vkk=,dCA7qBCyoJLi4K+W8sT4rVowbys=
-32,-290,6jK9uDNOwnRNEoJE8AJtRET3Vkk=,dCA7qBCyoJLi4K+W8sT4rVowbys=
-19,-291,6jK9uDNOwnRNEoJE8AJtRET3Vkk=,dCA7qBCyoJLi4K+W8sT4rVowbys=
-20,-291,6jK9uDNOwnRNEoJE8AJtRET3Vkk=,dCA7qBCyoJLi4K+W8sT4rVowbys=
-22,-291,6jK9uDNOwnRNEoJE8AJtRET3Vkk=,dCA7qBCyoJLi4K+W8sT4rVowbys=
-21,-291,6jK9uDNOwnRNEoJE8AJtRET3Vkk=,dCA7qBCyoJLi4K+W8sT4rVowbys=
-25,-291,6jK9uDNOwnRNEoJE8AJtRET3Vkk=,dCA7qBCyoJLi4K+W8sT4rVowbys=
-26,-291,6jK9uDNOwnRNEoJE8AJtRET3Vkk=,dCA7qBCyoJLi4K+W8sT4rVowbys=
-27,-291,6jK9uDNOwnRNEoJE8AJtRET3Vkk=,dCA7qBCyoJLi4K+W8sT4rVowbys=
-28,-291,6jK9uDNOwnRNEoJE8AJtRET3Vkk=,dCA7qBCyoJLi4K+W8sT4rVowbys=
-29,-291,6jK9uDNOwnRNEoJE8AJtRET3Vkk=,dCA7qBCyoJLi4K+W8sT4rVowbys=
-30,-291,6jK9uDNOwnRNEoJE8AJtRET3Vkk=,dCA7qBCyoJLi4K+W8sT4rVowbys=
-32,-291,6jK9uDNOwnRNEoJE8AJtRET3Vkk=,dCA7qBCyoJLi4K+W8sT4rVowbys=
-17,-292,6jK9uDNOwnRNEoJE8AJtRET3Vkk=,dCA7qBCyoJLi4K+W8sT4rVowbys=
-30,-303,6jK9uDNOwnRNEoJE8AJtRET3Vkk=,dCA7qBCyoJLi4K+W8sT4rVowbys=
-31,-302,6jK9uDNOwnRNEoJE8AJtRET3Vkk=,dCA7qBCyoJLi4K+W8sT4rVowbys=
-18,-292,6jK9uDNOwnRNEoJE8AJtRET3Vkk=,dCA7qBCyoJLi4K+W8sT4rVowbys=
-31,-291,6jK9uDNOwnRNEoJE8AJtRET3Vkk=,dCA7qBCyoJLi4K+W8sT4rVowbys=
-19,-292,6jK9uDNOwnRNEoJE8AJtRET3Vkk=,dCA7qBCyoJLi4K+W8sT4rVowbys=
-20,-292,6jK9uDNOwnRNEoJE8AJtRET3Vkk=,dCA7qBCyoJLi4K+W8sT4rVowbys=
-22,-292,6jK9uDNOwnRNEoJE8AJtRET3Vkk=,dCA7qBCyoJLi4K+W8sT4rVowbys=
-21,-292,6jK9uDNOwnRNEoJE8AJtRET3Vkk=,dCA7qBCyoJLi4K+W8sT4rVowbys=
-24,-292,6jK9uDNOwnRNEoJE8AJtRET3Vkk=,dCA7qBCyoJLi4K+W8sT4rVowbys=
-27,-292,6jK9uDNOwnRNEoJE8AJtRET3Vkk=,dCA7qBCyoJLi4K+W8sT4rVowbys=
-28,-292,6jK9uDNOwnRNEoJE8AJtRET3Vkk=,dCA7qBCyoJLi4K+W8sT4rVowbys=
-26,-292,6jK9uDNOwnRNEoJE8AJtRET3Vkk=,dCA7qBCyoJLi4K+W8sT4rVowbys=
-29,-292,6jK9uDNOwnRNEoJE8AJtRET3Vkk=,dCA7qBCyoJLi4K+W8sT4rVowbys=
-30,-292,6jK9uDNOwnRNEoJE8AJtRET3Vkk=,dCA7qBCyoJLi4K+W8sT4rVowbys=
-31,-303,6jK9uDNOwnRNEoJE8AJtRET3Vkk=,dCA7qBCyoJLi4K+W8sT4rVowbys=
-32,-303,6jK9uDNOwnRNEoJE8AJtRET3Vkk=,dCA7qBCyoJLi4K+W8sT4rVowbys=
-23,-292,6jK9uDNOwnRNEoJE8AJtRET3Vkk=,dCA7qBCyoJLi4K+W8sT4rVowbys=
-17,-304,6jK9uDNOwnRNEoJE8AJtRET3Vkk=,dCA7qBCyoJLi4K+W8sT4rVowbys=
-32,-292,6jK9uDNOwnRNEoJE8AJtRET3Vkk=,dCA7qBCyoJLi4K+W8sT4rVowbys=
-32,-301,6jK9uDNOwnRNEoJE8AJtRET3Vkk=,dCA7qBCyoJLi4K+W8sT4rVowbys=
-30,-304,6jK9uDNOwnRNEoJE8AJtRET3Vkk=,dCA7qBCyoJLi4K+W8sT4rVowbys=
-17,-302,6jK9uDNOwnRNEoJE8AJtRET3Vkk=,dCA7qBCyoJLi4K+W8sT4rVowbys=
-31,-292,6jK9uDNOwnRNEoJE8AJtRET3Vkk=,dCA7qBCyoJLi4K+W8sT4rVowbys=
-18,-304,6jK9uDNOwnRNEoJE8AJtRET3Vkk=,dCA7qBCyoJLi4K+W8sT4rVowbys=
-32,-302,6jK9uDNOwnRNEoJE8AJtRET3Vkk=,dCA7qBCyoJLi4K+W8sT4rVowbys=
-17,-303,6jK9uDNOwnRNEoJE8AJtRET3Vkk=,dCA7qBCyoJLi4K+W8sT4rVowbys=
-18,-303,6jK9uDNOwnRNEoJE8AJtRET3Vkk=,dCA7qBCyoJLi4K+W8sT4rVowbys=
-18,-293,6jK9uDNOwnRNEoJE8AJtRET3Vkk=,dCA7qBCyoJLi4K+W8sT4rVowbys=
-20,-293,6jK9uDNOwnRNEoJE8AJtRET3Vkk=,dCA7qBCyoJLi4K+W8sT4rVowbys=
-21,-293,6jK9uDNOwnRNEoJE8AJtRET3Vkk=,dCA7qBCyoJLi4K+W8sT4rVowbys=
-22,-293,6jK9uDNOwnRNEoJE8AJtRET3Vkk=,dCA7qBCyoJLi4K+W8sT4rVowbys=
-17,-293,6jK9uDNOwnRNEoJE8AJtRET3Vkk=,dCA7qBCyoJLi4K+W8sT4rVowbys=
-19,-293,6jK9uDNOwnRNEoJE8AJtRET3Vkk=,dCA7qBCyoJLi4K+W8sT4rVowbys=
-27,-293,6jK9uDNOwnRNEoJE8AJtRET3Vkk=,dCA7qBCyoJLi4K+W8sT4rVowbys=
-28,-293,6jK9uDNOwnRNEoJE8AJtRET3Vkk=,dCA7qBCyoJLi4K+W8sT4rVowbys=
-29,-293,6jK9uDNOwnRNEoJE8AJtRET3Vkk=,dCA7qBCyoJLi4K+W8sT4rVowbys=
-30,-293,6jK9uDNOwnRNEoJE8AJtRET3Vkk=,dCA7qBCyoJLi4K+W8sT4rVowbys=
-18,-302,6jK9uDNOwnRNEoJE8AJtRET3Vkk=,dCA7qBCyoJLi4K+W8sT4rVowbys=
-31,-293,6jK9uDNOwnRNEoJE8AJtRET3Vkk=,dCA7qBCyoJLi4K+W8sT4rVowbys=
-17,-294,6jK9uDNOwnRNEoJE8AJtRET3Vkk=,dCA7qBCyoJLi4K+W8sT4rVowbys=
-19,-304,6jK9uDNOwnRNEoJE8AJtRET3Vkk=,dCA7qBCyoJLi4K+W8sT4rVowbys=
-19,-303,6jK9uDNOwnRNEoJE8AJtRET3Vkk=,dCA7qBCyoJLi4K+W8sT4rVowbys=
-32,-293,6jK9uDNOwnRNEoJE8AJtRET3Vkk=,dCA7qBCyoJLi4K+W8sT4rVowbys=
-18,-294,6jK9uDNOwnRNEoJE8AJtRET3Vkk=,dCA7qBCyoJLi4K+W8sT4rVowbys=
-19,-294,6jK9uDNOwnRNEoJE8AJtRET3Vkk=,dCA7qBCyoJLi4K+W8sT4rVowbys=
-21,-294,6jK9uDNOwnRNEoJE8AJtRET3Vkk=,dCA7qBCyoJLi4K+W8sT4rVowbys=
-22,-294,6jK9uDNOwnRNEoJE8AJtRET3Vkk=,dCA7qBCyoJLi4K+W8sT4rVowbys=
-20,-294,6jK9uDNOwnRNEoJE8AJtRET3Vkk=,dCA7qBCyoJLi4K+W8sT4rVowbys=
-28,-294,6jK9uDNOwnRNEoJE8AJtRET3Vkk=,dCA7qBCyoJLi4K+W8sT4rVowbys=
-26,-294,6jK9uDNOwnRNEoJE8AJtRET3Vkk=,dCA7qBCyoJLi4K+W8sT4rVowbys=
-27,-294,6jK9uDNOwnRNEoJE8AJtRET3Vkk=,dCA7qBCyoJLi4K+W8sT4rVowbys=
-29,-294,6jK9uDNOwnRNEoJE8AJtRET3Vkk=,dCA7qBCyoJLi4K+W8sT4rVowbys=
-30,-294,6jK9uDNOwnRNEoJE8AJtRET3Vkk=,dCA7qBCyoJLi4K+W8sT4rVowbys=
-31,-294,6jK9uDNOwnRNEoJE8AJtRET3Vkk=,dCA7qBCyoJLi4K+W8sT4rVowbys=
-32,-294,6jK9uDNOwnRNEoJE8AJtRET3Vkk=,dCA7qBCyoJLi4K+W8sT4rVowbys=
-20,-303,6jK9uDNOwnRNEoJE8AJtRET3Vkk=,dCA7qBCyoJLi4K+W8sT4rVowbys=
-17,-295,6jK9uDNOwnRNEoJE8AJtRET3Vkk=,dCA7qBCyoJLi4K+W8sT4rVowbys=
-18,-295,6jK9uDNOwnRNEoJE8AJtRET3Vkk=,dCA7qBCyoJLi4K+W8sT4rVowbys=
-19,-302,6jK9uDNOwnRNEoJE8AJtRET3Vkk=,dCA7qBCyoJLi4K+W8sT4rVowbys=
-20,-304,6jK9uDNOwnRNEoJE8AJtRET3Vkk=,dCA7qBCyoJLi4K+W8sT4rVowbys=
-20,-295,6jK9uDNOwnRNEoJE8AJtRET3Vkk=,dCA7qBCyoJLi4K+W8sT4rVowbys=
-19,-295,6jK9uDNOwnRNEoJE8AJtRET3Vkk=,dCA7qBCyoJLi4K+W8sT4rVowbys=
-21,-295,6jK9uDNOwnRNEoJE8AJtRET3Vkk=,dCA7qBCyoJLi4K+W8sT4rVowbys=
-22,-295,6jK9uDNOwnRNEoJE8AJtRET3Vkk=,dCA7qBCyoJLi4K+W8sT4rVowbys=
-25,-295,6jK9uDNOwnRNEoJE8AJtRET3Vkk=,dCA7qBCyoJLi4K+W8sT4rVowbys=
-27,-295,6jK9uDNOwnRNEoJE8AJtRET3Vkk=,dCA7qBCyoJLi4K+W8sT4rVowbys=
-28,-295,6jK9uDNOwnRNEoJE8AJtRET3Vkk=,dCA7qBCyoJLi4K+W8sT4rVowbys=
-29,-295,6jK9uDNOwnRNEoJE8AJtRET3Vkk=,dCA7qBCyoJLi4K+W8sT4rVowbys=
-30,-295,6jK9uDNOwnRNEoJE8AJtRET3Vkk=,dCA7qBCyoJLi4K+W8sT4rVowbys=
-23,-295,6jK9uDNOwnRNEoJE8AJtRET3Vkk=,dCA7qBCyoJLi4K+W8sT4rVowbys=
-31,-295,6jK9uDNOwnRNEoJE8AJtRET3Vkk=,dCA7qBCyoJLi4K+W8sT4rVowbys=
-21,-304,6jK9uDNOwnRNEoJE8AJtRET3Vkk=,dCA7qBCyoJLi4K+W8sT4rVowbys=
-20,-302,6jK9uDNOwnRNEoJE8AJtRET3Vkk=,dCA7qBCyoJLi4K+W8sT4rVowbys=
-32,-295,6jK9uDNOwnRNEoJE8AJtRET3Vkk=,dCA7qBCyoJLi4K+W8sT4rVowbys=
-17,-296,6jK9uDNOwnRNEoJE8AJtRET3Vkk=,dCA7qBCyoJLi4K+W8sT4rVowbys=
-19,-296,6jK9uDNOwnRNEoJE8AJtRET3Vkk=,dCA7qBCyoJLi4K+W8sT4rVowbys=
-20,-296,6jK9uDNOwnRNEoJE8AJtRET3Vkk=,dCA7qBCyoJLi4K+W8sT4rVowbys=
-18,-296,6jK9uDNOwnRNEoJE8AJtRET3Vkk=,dCA7qBCyoJLi4K+W8sT4rVowbys=
-22,-296,6jK9uDNOwnRNEoJE8AJtRET3Vkk=,dCA7qBCyoJLi4K+W8sT4rVowbys=
-21,-303,6jK9uDNOwnRNEoJE8AJtRET3Vkk=,dCA7qBCyoJLi4K+W8sT4rVowbys=
-21,-296,6jK9uDNOwnRNEoJE8AJtRET3Vkk=,dCA7qBCyoJLi4K+W8sT4rVowbys=
-26,-296,6jK9uDNOwnRNEoJE8AJtRET3Vkk=,dCA7qBCyoJLi4K+W8sT4rVowbys=
-23,-296,6jK9uDNOwnRNEoJE8AJtRET3Vkk=,dCA7qBCyoJLi4K+W8sT4rVowbys=
-27,-296,6jK9uDNOwnRNEoJE8AJtRET3Vkk=,dCA7qBCyoJLi4K+W8sT4rVowbys=
-28,-296,6jK9uDNOwnRNEoJE8AJtRET3Vkk=,dCA7qBCyoJLi4K+W8sT4rVowbys=
-30,-296,6jK9uDNOwnRNEoJE8AJtRET3Vkk=,dCA7qBCyoJLi4K+W8sT4rVowbys=
-29,-296,6jK9uDNOwnRNEoJE8AJtRET3Vkk=,dCA7qBCyoJLi4K+W8sT4rVowbys=
-32,-296,6jK9uDNOwnRNEoJE8AJtRET3Vkk=,dCA7qBCyoJLi4K+W8sT4rVowbys=
-31,-296,6jK9uDNOwnRNEoJE8AJtRET3Vkk=,dCA7qBCyoJLi4K+W8sT4rVowbys=
-22,-304,6jK9uDNOwnRNEoJE8AJtRET3Vkk=,dCA7qBCyoJLi4K+W8sT4rVowbys=
-21,-302,6jK9uDNOwnRNEoJE8AJtRET3Vkk=,dCA7qBCyoJLi4K+W8sT4rVowbys=
-22,-303,6jK9uDNOwnRNEoJE8AJtRET3Vkk=,dCA7qBCyoJLi4K+W8sT4rVowbys=
-17,-297,6jK9uDNOwnRNEoJE8AJtRET3Vkk=,dCA7qBCyoJLi4K+W8sT4rVowbys=
-18,-297,6jK9uDNOwnRNEoJE8AJtRET3Vkk=,dCA7qBCyoJLi4K+W8sT4rVowbys=
-19,-297,6jK9uDNOwnRNEoJE8AJtRET3Vkk=,dCA7qBCyoJLi4K+W8sT4rVowbys=
-20,-297,6jK9uDNOwnRNEoJE8AJtRET3Vkk=,dCA7qBCyoJLi4K+W8sT4rVowbys=
-21,-297,6jK9uDNOwnRNEoJE8AJtRET3Vkk=,dCA7qBCyoJLi4K+W8sT4rVowbys=
-22,-297,6jK9uDNOwnRNEoJE8AJtRET3Vkk=,dCA7qBCyoJLi4K+W8sT4rVowbys=
-23,-297,6jK9uDNOwnRNEoJE8AJtRET3Vkk=,dCA7qBCyoJLi4K+W8sT4rVowbys=
-27,-297,6jK9uDNOwnRNEoJE8AJtRET3Vkk=,dCA7qBCyoJLi4K+W8sT4rVowbys=
-28,-297,6jK9uDNOwnRNEoJE8AJtRET3Vkk=,dCA7qBCyoJLi4K+W8sT4rVowbys=
-25,-297,6jK9uDNOwnRNEoJE8AJtRET3Vkk=,dCA7qBCyoJLi4K+W8sT4rVowbys=
-29,-297,6jK9uDNOwnRNEoJE8AJtRET3Vkk=,dCA7qBCyoJLi4K+W8sT4rVowbys=
-30,-297,6jK9uDNOwnRNEoJE8AJtRET3Vkk=,dCA7qBCyoJLi4K+W8sT4rVowbys=
-31,-297,6jK9uDNOwnRNEoJE8AJtRET3Vkk=,dCA7qBCyoJLi4K+W8sT4rVowbys=
-32,-297,6jK9uDNOwnRNEoJE8AJtRET3Vkk=,dCA7qBCyoJLi4K+W8sT4rVowbys=
-23,-304,6jK9uDNOwnRNEoJE8AJtRET3Vkk=,dCA7qBCyoJLi4K+W8sT4rVowbys=
-18,-298,6jK9uDNOwnRNEoJE8AJtRET3Vkk=,dCA7qBCyoJLi4K+W8sT4rVowbys=
-23,-303,6jK9uDNOwnRNEoJE8AJtRET3Vkk=,dCA7qBCyoJLi4K+W8sT4rVowbys=
-19,-298,6jK9uDNOwnRNEoJE8AJtRET3Vkk=,dCA7qBCyoJLi4K+W8sT4rVowbys=
-22,-302,6jK9uDNOwnRNEoJE8AJtRET3Vkk=,dCA7qBCyoJLi4K+W8sT4rVowbys=
-17,-298,6jK9uDNOwnRNEoJE8AJtRET3Vkk=,dCA7qBCyoJLi4K+W8sT4rVowbys=
-20,-298,6jK9uDNOwnRNEoJE8AJtRET3Vkk=,dCA7qBCyoJLi4K+W8sT4rVowbys=
-21,-298,6jK9uDNOwnRNEoJE8AJtRET3Vkk=,dCA7qBCyoJLi4K+W8sT4rVowbys=
-22,-298,6jK9uDNOwnRNEoJE8AJtRET3Vkk=,dCA7qBCyoJLi4K+W8sT4rVowbys=
-23,-298,6jK9uDNOwnRNEoJE8AJtRET3Vkk=,dCA7qBCyoJLi4K+W8sT4rVowbys=
-24,-298,6jK9uDNOwnRNEoJE8AJtRET3Vkk=,dCA7qBCyoJLi4K+W8sT4rVowbys=
-25,-298,6jK9uDNOwnRNEoJE8AJtRET3Vkk=,dCA7qBCyoJLi4K+W8sT4rVowbys=
-27,-298,6jK9uDNOwnRNEoJE8AJtRET3Vkk=,dCA7qBCyoJLi4K+W8sT4rVowbys=
-28,-298,6jK9uDNOwnRNEoJE8AJtRET3Vkk=,dCA7qBCyoJLi4K+W8sT4rVowbys=
-29,-298,6jK9uDNOwnRNEoJE8AJtRET3Vkk=,dCA7qBCyoJLi4K+W8sT4rVowbys=
-30,-298,6jK9uDNOwnRNEoJE8AJtRET3Vkk=,dCA7qBCyoJLi4K+W8sT4rVowbys=
-31,-298,6jK9uDNOwnRNEoJE8AJtRET3Vkk=,dCA7qBCyoJLi4K+W8sT4rVowbys=
-24,-304,6jK9uDNOwnRNEoJE8AJtRET3Vkk=,dCA7qBCyoJLi4K+W8sT4rVowbys=
-32,-298,6jK9uDNOwnRNEoJE8AJtRET3Vkk=,dCA7qBCyoJLi4K+W8sT4rVowbys=
-23,-302,6jK9uDNOwnRNEoJE8AJtRET3Vkk=,dCA7qBCyoJLi4K+W8sT4rVowbys=
-24,-303,6jK9uDNOwnRNEoJE8AJtRET3Vkk=,dCA7qBCyoJLi4K+W8sT4rVowbys=
-17,-299,6jK9uDNOwnRNEoJE8AJtRET3Vkk=,dCA7qBCyoJLi4K+W8sT4rVowbys=
-18,-299,6jK9uDNOwnRNEoJE8AJtRET3Vkk=,dCA7qBCyoJLi4K+W8sT4rVowbys=
-19,-299,6jK9uDNOwnRNEoJE8AJtRET3Vkk=,dCA7qBCyoJLi4K+W8sT4rVowbys=
-20,-299,6jK9uDNOwnRNEoJE8AJtRET3Vkk=,dCA7qBCyoJLi4K+W8sT4rVowbys=
-21,-299,6jK9uDNOwnRNEoJE8AJtRET3Vkk=,dCA7qBCyoJLi4K+W8sT4rVowbys=
-22,-299,6jK9uDNOwnRNEoJE8AJtRET3Vkk=,dCA7qBCyoJLi4K+W8sT4rVowbys=
-23,-299,6jK9uDNOwnRNEoJE8AJtRET3Vkk=,dCA7qBCyoJLi4K+W8sT4rVowbys=
-26,-299,6jK9uDNOwnRNEoJE8AJtRET3Vkk=,dCA7qBCyoJLi4K+W8sT4rVowbys=
-24,-299,6jK9uDNOwnRNEoJE8AJtRET3Vkk=,dCA7qBCyoJLi4K+W8sT4rVowbys=
-27,-299,6jK9uDNOwnRNEoJE8AJtRET3Vkk=,dCA7qBCyoJLi4K+W8sT4rVowbys=
-28,-299,6jK9uDNOwnRNEoJE8AJtRET3Vkk=,dCA7qBCyoJLi4K+W8sT4rVowbys=
-29,-299,6jK9uDNOwnRNEoJE8AJtRET3Vkk=,dCA7qBCyoJLi4K+W8sT4rVowbys=
-30,-299,6jK9uDNOwnRNEoJE8AJtRET3Vkk=,dCA7qBCyoJLi4K+W8sT4rVowbys=
-31,-299,6jK9uDNOwnRNEoJE8AJtRET3Vkk=,dCA7qBCyoJLi4K+W8sT4rVowbys=
-24,-302,6jK9uDNOwnRNEoJE8AJtRET3Vkk=,dCA7qBCyoJLi4K+W8sT4rVowbys=
-25,-304,6jK9uDNOwnRNEoJE8AJtRET3Vkk=,dCA7qBCyoJLi4K+W8sT4rVowbys=
-32,-299,6jK9uDNOwnRNEoJE8AJtRET3Vkk=,dCA7qBCyoJLi4K+W8sT4rVowbys=
-23,-301,6jK9uDNOwnRNEoJE8AJtRET3Vkk=,dCA7qBCyoJLi4K+W8sT4rVowbys=
-26,-301,6jK9uDNOwnRNEoJE8AJtRET3Vkk=,dCA7qBCyoJLi4K+W8sT4rVowbys=
-17,-300,6jK9uDNOwnRNEoJE8AJtRET3Vkk=,dCA7qBCyoJLi4K+W8sT4rVowbys=
-18,-300,6jK9uDNOwnRNEoJE8AJtRET3Vkk=,dCA7qBCyoJLi4K+W8sT4rVowbys=
-19,-300,6jK9uDNOwnRNEoJE8AJtRET3Vkk=,dCA7qBCyoJLi4K+W8sT4rVowbys=
-20,-300,6jK9uDNOwnRNEoJE8AJtRET3Vkk=,dCA7qBCyoJLi4K+W8sT4rVowbys=
-21,-300,6jK9uDNOwnRNEoJE8AJtRET3Vkk=,dCA7qBCyoJLi4K+W8sT4rVowbys=
-22,-300,6jK9uDNOwnRNEoJE8AJtRET3Vkk=,dCA7qBCyoJLi4K+W8sT4rVowbys=
-23,-300,6jK9uDNOwnRNEoJE8AJtRET3Vkk=,dCA7qBCyoJLi4K+W8sT4rVowbys=
-26,-300,6jK9uDNOwnRNEoJE8AJtRET3Vkk=,dCA7qBCyoJLi4K+W8sT4rVowbys=
-32,-304,6jK9uDNOwnRNEoJE8AJtRET3Vkk=,dCA7qBCyoJLi4K+W8sT4rVowbys=
-27,-300,6jK9uDNOwnRNEoJE8AJtRET3Vkk=,dCA7qBCyoJLi4K+W8sT4rVowbys=
-28,-300,6jK9uDNOwnRNEoJE8AJtRET3Vkk=,dCA7qBCyoJLi4K+W8sT4rVowbys=
-29,-300,6jK9uDNOwnRNEoJE8AJtRET3Vkk=,dCA7qBCyoJLi4K+W8sT4rVowbys=
-30,-300,6jK9uDNOwnRNEoJE8AJtRET3Vkk=,dCA7qBCyoJLi4K+W8sT4rVowbys=
-31,-300,6jK9uDNOwnRNEoJE8AJtRET3Vkk=,dCA7qBCyoJLi4K+W8sT4rVowbys=
-24,-297,6jK9uDNOwnRNEoJE8AJtRET3Vkk=,dCA7qBCyoJLi4K+W8sT4rVowbys=
-32,-300,6jK9uDNOwnRNEoJE8AJtRET3Vkk=,dCA7qBCyoJLi4K+W8sT4rVowbys=
-26,-298,6jK9uDNOwnRNEoJE8AJtRET3Vkk=,dCA7qBCyoJLi4K+W8sT4rVowbys=
-26,-297,6jK9uDNOwnRNEoJE8AJtRET3Vkk=,dCA7qBCyoJLi4K+W8sT4rVowbys=
-25,-299,6jK9uDNOwnRNEoJE8AJtRET3Vkk=,dCA7qBCyoJLi4K+W8sT4rVowbys=
-25,-303,6jK9uDNOwnRNEoJE8AJtRET3Vkk=,dCA7qBCyoJLi4K+W8sT4rVowbys=
-24,-291,6jK9uDNOwnRNEoJE8AJtRET3Vkk=,dCA7qBCyoJLi4K+W8sT4rVowbys=
-26,-295,6jK9uDNOwnRNEoJE8AJtRET3Vkk=,dCA7qBCyoJLi4K+W8sT4rVowbys=
-25,-292,6jK9uDNOwnRNEoJE8AJtRET3Vkk=,dCA7qBCyoJLi4K+W8sT4rVowbys=
-24,-300,6jK9uDNOwnRNEoJE8AJtRET3Vkk=,dCA7qBCyoJLi4K+W8sT4rVowbys=
-25,-294,6jK9uDNOwnRNEoJE8AJtRET3Vkk=,dCA7qBCyoJLi4K+W8sT4rVowbys=
-24,-294,6jK9uDNOwnRNEoJE8AJtRET3Vkk=,dCA7qBCyoJLi4K+W8sT4rVowbys=
-23,-293,6jK9uDNOwnRNEoJE8AJtRET3Vkk=,dCA7qBCyoJLi4K+W8sT4rVowbys=
-24,-295,6jK9uDNOwnRNEoJE8AJtRET3Vkk=,dCA7qBCyoJLi4K+W8sT4rVowbys=
-25,-293,6jK9uDNOwnRNEoJE8AJtRET3Vkk=,dCA7qBCyoJLi4K+W8sT4rVowbys=
-25,-289,6jK9uDNOwnRNEoJE8AJtRET3Vkk=,dCA7qBCyoJLi4K+W8sT4rVowbys=
-26,-293,6jK9uDNOwnRNEoJE8AJtRET3Vkk=,dCA7qBCyoJLi4K+W8sT4rVowbys=
-23,-290,6jK9uDNOwnRNEoJE8AJtRET3Vkk=,dCA7qBCyoJLi4K+W8sT4rVowbys=
-26,-304,6jK9uDNOwnRNEoJE8AJtRET3Vkk=,dCA7qBCyoJLi4K+W8sT4rVowbys=
-24,-290,6jK9uDNOwnRNEoJE8AJtRET3Vkk=,dCA7qBCyoJLi4K+W8sT4rVowbys=
-27,-289,6jK9uDNOwnRNEoJE8AJtRET3Vkk=,dCA7qBCyoJLi4K+W8sT4rVowbys=
-25,-302,6jK9uDNOwnRNEoJE8AJtRET3Vkk=,dCA7qBCyoJLi4K+W8sT4rVowbys=
-25,-300,6jK9uDNOwnRNEoJE8AJtRET3Vkk=,dCA7qBCyoJLi4K+W8sT4rVowbys=
-23,-294,6jK9uDNOwnRNEoJE8AJtRET3Vkk=,dCA7qBCyoJLi4K+W8sT4rVowbys=
-24,-293,6jK9uDNOwnRNEoJE8AJtRET3Vkk=,dCA7qBCyoJLi4K+W8sT4rVowbys=
-25,-290,6jK9uDNOwnRNEoJE8AJtRET3Vkk=,dCA7qBCyoJLi4K+W8sT4rVowbys=
-25,-296,6jK9uDNOwnRNEoJE8AJtRET3Vkk=,dCA7qBCyoJLi4K+W8sT4rVowbys=
-23,-289,6jK9uDNOwnRNEoJE8AJtRET3Vkk=,dCA7qBCyoJLi4K+W8sT4rVowbys=
-26,-290,6jK9uDNOwnRNEoJE8AJtRET3Vkk=,dCA7qBCyoJLi4K+W8sT4rVowbys=
-24,-296,6jK9uDNOwnRNEoJE8AJtRET3Vkk=,dCA7qBCyoJLi4K+W8sT4rVowbys=
-23,-291,6jK9uDNOwnRNEoJE8AJtRET3Vkk=,dCA7qBCyoJLi4K+W8sT4rVowbys=
-27,-290,6jK9uDNOwnRNEoJE8AJtRET3Vkk=,dCA7qBCyoJLi4K+W8sT4rVowbys=
