118,-13,zTl/OGh9EsQP7ihQ7XpgNsPRiEg=,aImoyNQJHYxYhcb/iMBvdBEBb4I=
119,-13,zTl/OGh9EsQP7ihQ7XpgNsPRiEg=,aImoyNQJHYxYhcb/iMBvdBEBb4I=
117,-16,zTl/OGh9EsQP7ihQ7XpgNsPRiEg=,aImoyNQJHYxYhcb/iMBvdBEBb4I=
120,-13,zTl/OGh9EsQP7ihQ7XpgNsPRiEg=,aImoyNQJHYxYhcb/iMBvdBEBb4I=
117,-14,zTl/OGh9EsQP7ihQ7XpgNsPRiEg=,aImoyNQJHYxYhcb/iMBvdBEBb4I=
121,-13,zTl/OGh9EsQP7ihQ7XpgNsPRiEg=,aImoyNQJHYxYhcb/iMBvdBEBb4I=
117,-13,zTl/OGh9EsQP7ihQ7XpgNsPRiEg=,aImoyNQJHYxYhcb/iMBvdBEBb4I=
122,-13,zTl/OGh9EsQP7ihQ7XpgNsPRiEg=,aImoyNQJHYxYhcb/iMBvdBEBb4I=
118,-14,zTl/OGh9EsQP7ihQ7XpgNsPRiEg=,aImoyNQJHYxYhcb/iMBvdBEBb4I=
123,-13,M06THl60qpp/fbRV+l5+OLHJTMo=,aImoyNQJHYxYhcb/iMBvdBEBb4I=
124,-13,M06THl60qpp/fbRV+l5+OLHJTMo=,aImoyNQJHYxYhcb/iMBvdBEBb4I=
125,-13,M06THl60qpp/fbRV+l5+OLHJTMo=,aImoyNQJHYxYhcb/iMBvdBEBb4I=
116,-13,M06THl60qpp/fbRV+l5+OLHJTMo=,aImoyNQJHYxYhcb/iMBvdBEBb4I=
115,-16,M06THl60qpp/fbRV+l5+OLHJTMo=,aImoyNQJHYxYhcb/iMBvdBEBb4I=
126,-13,M06THl60qpp/fbRV+l5+OLHJTMo=,aImoyNQJHYxYhcb/iMBvdBEBb4I=
117,-15,M06THl60qpp/fbRV+l5+OLHJTMo=,aImoyNQJHYxYhcb/iMBvdBEBb4I=
115,-13,M06THl60qpp/fbRV+l5+OLHJTMo=,aImoyNQJHYxYhcb/iMBvdBEBb4I=
118,-15,M06THl60qpp/fbRV+l5+OLHJTMo=,aImoyNQJHYxYhcb/iMBvdBEBb4I=
116,-15,M06THl60qpp/fbRV+l5+OLHJTMo=,aImoyNQJHYxYhcb/iMBvdBEBb4I=
113,-16,M06THl60qpp/fbRV+l5+OLHJTMo=,aImoyNQJHYxYhcb/iMBvdBEBb4I=
127,-13,M06THl60qpp/fbRV+l5+OLHJTMo=,aImoyNQJHYxYhcb/iMBvdBEBb4I=
114,-13,M06THl60qpp/fbRV+l5+OLHJTMo=,aImoyNQJHYxYhcb/iMBvdBEBb4I=
116,-14,M06THl60qpp/fbRV+l5+OLHJTMo=,aImoyNQJHYxYhcb/iMBvdBEBb4I=
112,-12,M06THl60qpp/fbRV+l5+OLHJTMo=,aImoyNQJHYxYhcb/iMBvdBEBb4I=
126,-1,M06THl60qpp/fbRV+l5+OLHJTMo=,aImoyNQJHYxYhcb/iMBvdBEBb4I=
127,-1,M06THl60qpp/fbRV+l5+OLHJTMo=,aImoyNQJHYxYhcb/iMBvdBEBb4I=
125,-1,M06THl60qpp/fbRV+l5+OLHJTMo=,aImoyNQJHYxYhcb/iMBvdBEBb4I=
119,-14,M06THl60qpp/fbRV+l5+OLHJTMo=,aImoyNQJHYxYhcb/iMBvdBEBb4I=
118,-16,M06THl60qpp/fbRV+l5+OLHJTMo=,aImoyNQJHYxYhcb/iMBvdBEBb4I=
124,-1,M06THl60qpp/fbRV+l5+OLHJTMo=,aImoyNQJHYxYhcb/iMBvdBEBb4I=
122,-1,M06THl60qpp/fbRV+l5+OLHJTMo=,aImoyNQJHYxYhcb/iMBvdBEBb4I=
113,-12,M06THl60qpp/fbRV+l5+OLHJTMo=,aImoyNQJHYxYhcb/iMBvdBEBb4I=
120,-1,M06THl60qpp/fbRV+l5+OLHJTMo=,aImoyNQJHYxYhcb/iMBvdBEBb4I=
121,-1,M06THl60qpp/fbRV+l5+OLHJTMo=,aImoyNQJHYxYhcb/iMBvdBEBb4I=
114,-12,M06THl60qpp/fbRV+l5+OLHJTMo=,aImoyNQJHYxYhcb/iMBvdBEBb4I=
119,-1,M06THl60qpp/fbRV+l5+OLHJTMo=,aImoyNQJHYxYhcb/iMBvdBEBb4I=
115,-12,M06THl60qpp/fbRV+l5+OLHJTMo=,aImoyNQJHYxYhcb/iMBvdBEBb4I=
116,-12,M06THl60qpp/fbRV+l5+OLHJTMo=,aImoyNQJHYxYhcb/iMBvdBEBb4I=
123,-1,M06THl60qpp/fbRV+l5+OLHJTMo=,aImoyNQJHYxYhcb/iMBvdBEBb4I=
112,-16,M06THl60qpp/fbRV+l5+OLHJTMo=,aImoyNQJHYxYhcb/iMBvdBEBb4I=
115,-1,M06THl60qpp/fbRV+l5+OLHJTMo=,aImoyNQJHYxYhcb/iMBvdBEBb4I=
117,-12,M06THl60qpp/fbRV+l5+OLHJTMo=,aImoyNQJHYxYhcb/iMBvdBEBb4I=
118,-12,M06THl60qpp/fbRV+l5+OLHJTMo=,aImoyNQJHYxYhcb/iMBvdBEBb4I=
119,-12,M06THl60qpp/fbRV+l5+OLHJTMo=,aImoyNQJHYxYhcb/iMBvdBEBb4I=
113,-1,M06THl60qpp/fbRV+l5+OLHJTMo=,aImoyNQJHYxYhcb/iMBvdBEBb4I=
121,-12,M06THl60qpp/fbRV+l5+OLHJTMo=,aImoyNQJHYxYhcb/iMBvdBEBb4I=
127,-2,M06THl60qpp/fbRV+l5+OLHJTMo=,aImoyNQJHYxYhcb/iMBvdBEBb4I=
120,-12,M06THl60qpp/fbRV+l5+OLHJTMo=,aImoyNQJHYxYhcb/iMBvdBEBb4I=
122,-12,M06THl60qpp/fbRV+l5+OLHJTMo=,aImoyNQJHYxYhcb/iMBvdBEBb4I=
113,-13,M06THl60qpp/fbRV+l5+OLHJTMo=,aImoyNQJHYxYhcb/iMBvdBEBb4I=
116,-16,M06THl60qpp/fbRV+l5+OLHJTMo=,aImoyNQJHYxYhcb/iMBvdBEBb4I=
115,-14,M06THl60qpp/fbRV+l5+OLHJTMo=,aImoyNQJHYxYhcb/iMBvdBEBb4I=
123,-12,M06THl60qpp/fbRV+l5+OLHJTMo=,aImoyNQJHYxYhcb/iMBvdBEBb4I=
124,-2,M06THl60qpp/fbRV+l5+OLHJTMo=,aImoyNQJHYxYhcb/iMBvdBEBb4I=
124,-12,M06THl60qpp/fbRV+l5+OLHJTMo=,aImoyNQJHYxYhcb/iMBvdBEBb4I=
125,-12,M06THl60qpp/fbRV+l5+OLHJTMo=,aImoyNQJHYxYhcb/iMBvdBEBb4I=
125,-2,M06THl60qpp/fbRV+l5+OLHJTMo=,aImoyNQJHYxYhcb/iMBvdBEBb4I=
122,-2,M06THl60qpp/fbRV+l5+OLHJTMo=,aImoyNQJHYxYhcb/iMBvdBEBb4I=
126,-12,M06THl60qpp/fbRV+l5+OLHJTMo=,aImoyNQJHYxYhcb/iMBvdBEBb4I=
127,-12,M06THl60qpp/fbRV+l5+OLHJTMo=,aImoyNQJHYxYhcb/iMBvdBEBb4I=
126,-2,M06THl60qpp/fbRV+l5+OLHJTMo=,aImoyNQJHYxYhcb/iMBvdBEBb4I=
119,-15,M06THl60qpp/fbRV+l5+OLHJTMo=,aImoyNQJHYxYhcb/iMBvdBEBb4I=
120,-2,M06THl60qpp/fbRV+l5+OLHJTMo=,aImoyNQJHYxYhcb/iMBvdBEBb4I=
120,-14,M06THl60qpp/fbRV+l5+OLHJTMo=,aImoyNQJHYxYhcb/iMBvdBEBb4I=
119,-2,M06THl60qpp/fbRV+l5+OLHJTMo=,aImoyNQJHYxYhcb/iMBvdBEBb4I=
112,-11,M06THl60qpp/fbRV+l5+OLHJTMo=,aImoyNQJHYxYhcb/iMBvdBEBb4I=
119,-16,M06THl60qpp/fbRV+l5+OLHJTMo=,aImoyNQJHYxYhcb/iMBvdBEBb4I=
113,-11,M06THl60qpp/fbRV+l5+OLHJTMo=,aImoyNQJHYxYhcb/iMBvdBEBb4I=
114,-11,M06THl60qpp/fbRV+l5+OLHJTMo=,aImoyNQJHYxYhcb/iMBvdBEBb4I=
115,-11,M06THl60qpp/fbRV+l5+OLHJTMo=,aImoyNQJHYxYhcb/iMBvdBEBb4I=
116,-11,M06THl60qpp/fbRV+l5+OLHJTMo=,aImoyNQJHYxYhcb/iMBvdBEBb4I=
117,-11,M06THl60qpp/fbRV+l5+OLHJTMo=,aImoyNQJHYxYhcb/iMBvdBEBb4I=
118,-11,M06THl60qpp/fbRV+l5+OLHJTMo=,aImoyNQJHYxYhcb/iMBvdBEBb4I=
119,-11,M06THl60qpp/fbRV+l5+OLHJTMo=,aImoyNQJHYxYhcb/iMBvdBEBb4I=
120,-11,M06THl60qpp/fbRV+l5+OLHJTMo=,aImoyNQJHYxYhcb/iMBvdBEBb4I=
122,-11,M06THl60qpp/fbRV+l5+OLHJTMo=,aImoyNQJHYxYhcb/iMBvdBEBb4I=
121,-11,M06THl60qpp/fbRV+l5+OLHJTMo=,aImoyNQJHYxYhcb/iMBvdBEBb4I=
123,-11,M06THl60qpp/fbRV+l5+OLHJTMo=,aImoyNQJHYxYhcb/iMBvdBEBb4I=
124,-11,M06THl60qpp/fbRV+l5+OLHJTMo=,aImoyNQJHYxYhcb/iMBvdBEBb4I=
127,-11,M06THl60qpp/fbRV+l5+OLHJTMo=,aImoyNQJHYxYhcb/iMBvdBEBb4I=
125,-11,M06THl60qpp/fbRV+l5+OLHJTMo=,aImoyNQJHYxYhcb/iMBvdBEBb4I=
126,-11,M06THl60qpp/fbRV+l5+OLHJTMo=,aImoyNQJHYxYhcb/iMBvdBEBb4I=
120,-15,M06THl60qpp/fbRV+l5+OLHJTMo=,aImoyNQJHYxYhcb/iMBvdBEBb4I=
120,-16,M06THl60qpp/fbRV+l5+OLHJTMo=,aImoyNQJHYxYhcb/iMBvdBEBb4I=
121,-14,M06THl60qpp/fbRV+l5+OLHJTMo=,aImoyNQJHYxYhcb/iMBvdBEBb4I=
113,-10,M06THl60qpp/fbRV+l5+OLHJTMo=,aImoyNQJHYxYhcb/iMBvdBEBb4I=
114,-10,M06THl60qpp/fbRV+l5+OLHJTMo=,aImoyNQJHYxYhcb/iMBvdBEBb4I=
112,-10,M06THl60qpp/fbRV+l5+OLHJTMo=,aImoyNQJHYxYhcb/iMBvdBEBb4I=
115,-10,M06THl60qpp/fbRV+l5+OLHJTMo=,aImoyNQJHYxYhcb/iMBvdBEBb4I=
116,-10,M06THl60qpp/fbRV+l5+OLHJTMo=,aImoyNQJHYxYhcb/iMBvdBEBb4I=
117,-10,M06THl60qpp/fbRV+l5+OLHJTMo=,aImoyNQJHYxYhcb/iMBvdBEBb4I=
118,-10,M06THl60qpp/fbRV+l5+OLHJTMo=,aImoyNQJHYxYhcb/iMBvdBEBb4I=
115,-15,M06THl60qpp/fbRV+l5+OLHJTMo=,aImoyNQJHYxYhcb/iMBvdBEBb4I=
119,-10,M06THl60qpp/fbRV+l5+OLHJTMo=,aImoyNQJHYxYhcb/iMBvdBEBb4I=
120,-10,M06THl60qpp/fbRV+l5+OLHJTMo=,aImoyNQJHYxYhcb/iMBvdBEBb4I=
121,-10,M06THl60qpp/fbRV+l5+OLHJTMo=,aImoyNQJHYxYhcb/iMBvdBEBb4I=
122,-10,M06THl60qpp/fbRV+l5+OLHJTMo=,aImoyNQJHYxYhcb/iMBvdBEBb4I=
114,-14,M06THl60qpp/fbRV+l5+OLHJTMo=,aImoyNQJHYxYhcb/iMBvdBEBb4I=
124,-10,M06THl60qpp/fbRV+l5+OLHJTMo=,aImoyNQJHYxYhcb/iMBvdBEBb4I=
123,-10,M06THl60qpp/fbRV+l5+OLHJTMo=,aImoyNQJHYxYhcb/iMBvdBEBb4I=
125,-10,M06THl60qpp/fbRV+l5+OLHJTMo=,aImoyNQJHYxYhcb/iMBvdBEBb4I=
127,-10,M06THl60qpp/fbRV+l5+OLHJTMo=,aImoyNQJHYxYhcb/iMBvdBEBb4I=
126,-10,M06THl60qpp/fbRV+l5+OLHJTMo=,aImoyNQJHYxYhcb/iMBvdBEBb4I=
121,-15,M06THl60qpp/fbRV+l5+OLHJTMo=,aImoyNQJHYxYhcb/iMBvdBEBb4I=
121,-16,M06THl60qpp/fbRV+l5+OLHJTMo=,aImoyNQJHYxYhcb/iMBvdBEBb4I=
112,-9,M06THl60qpp/fbRV+l5+OLHJTMo=,aImoyNQJHYxYhcb/iMBvdBEBb4I=
122,-14,M06THl60qpp/fbRV+l5+OLHJTMo=,aImoyNQJHYxYhcb/iMBvdBEBb4I=
113,-9,M06THl60qpp/fbRV+l5+OLHJTMo=,aImoyNQJHYxYhcb/iMBvdBEBb4I=
121,-3,M06THl60qpp/fbRV+l5+OLHJTMo=,aImoyNQJHYxYhcb/iMBvdBEBb4I=
119,-3,M06THl60qpp/fbRV+l5+OLHJTMo=,aImoyNQJHYxYhcb/iMBvdBEBb4I=
114,-15,M06THl60qpp/fbRV+l5+OLHJTMo=,aImoyNQJHYxYhcb/iMBvdBEBb4I=
113,-14,M06THl60qpp/fbRV+l5+OLHJTMo=,aImoyNQJHYxYhcb/iMBvdBEBb4I=
120,-3,M06THl60qpp/fbRV+l5+OLHJTMo=,aImoyNQJHYxYhcb/iMBvdBEBb4I=
121,-2,M06THl60qpp/fbRV+l5+OLHJTMo=,aImoyNQJHYxYhcb/iMBvdBEBb4I=
125,-3,M06THl60qpp/fbRV+l5+OLHJTMo=,aImoyNQJHYxYhcb/iMBvdBEBb4I=
112,-1,M06THl60qpp/fbRV+l5+OLHJTMo=,aImoyNQJHYxYhcb/iMBvdBEBb4I=
123,-2,M06THl60qpp/fbRV+l5+OLHJTMo=,aImoyNQJHYxYhcb/iMBvdBEBb4I=
114,-9,M06THl60qpp/fbRV+l5+OLHJTMo=,aImoyNQJHYxYhcb/iMBvdBEBb4I=
127,-3,M06THl60qpp/fbRV+l5+OLHJTMo=,aImoyNQJHYxYhcb/iMBvdBEBb4I=
122,-3,M06THl60qpp/fbRV+l5+OLHJTMo=,aImoyNQJHYxYhcb/iMBvdBEBb4I=
123,-3,M06THl60qpp/fbRV+l5+OLHJTMo=,aImoyNQJHYxYhcb/iMBvdBEBb4I=
116,-1,M06THl60qpp/fbRV+l5+OLHJTMo=,aImoyNQJHYxYhcb/iMBvdBEBb4I=
118,-2,M06THl60qpp/fbRV+l5+OLHJTMo=,aImoyNQJHYxYhcb/iMBvdBEBb4I=
113,-2,M06THl60qpp/fbRV+l5+OLHJTMo=,aImoyNQJHYxYhcb/iMBvdBEBb4I=
124,-3,M06THl60qpp/fbRV+l5+OLHJTMo=,aImoyNQJHYxYhcb/iMBvdBEBb4I=
126,-3,M06THl60qpp/fbRV+l5+OLHJTMo=,aImoyNQJHYxYhcb/iMBvdBEBb4I=
113,-3,M06THl60qpp/fbRV+l5+OLHJTMo=,aImoyNQJHYxYhcb/iMBvdBEBb4I=
113,-15,M06THl60qpp/fbRV+l5+OLHJTMo=,aImoyNQJHYxYhcb/iMBvdBEBb4I=
125,-4,M06THl60qpp/fbRV+l5+OLHJTMo=,aImoyNQJHYxYhcb/iMBvdBEBb4I=
112,-15,M06THl60qpp/fbRV+l5+OLHJTMo=,aImoyNQJHYxYhcb/iMBvdBEBb4I=
112,-13,M06THl60qpp/fbRV+l5+OLHJTMo=,aImoyNQJHYxYhcb/iMBvdBEBb4I=
127,-16,M06THl60qpp/fbRV+l5+OLHJTMo=,aImoyNQJHYxYhcb/iMBvdBEBb4I=
114,-1,M06THl60qpp/fbRV+l5+OLHJTMo=,aImoyNQJHYxYhcb/iMBvdBEBb4I=
126,-16,M06THl60qpp/fbRV+l5+OLHJTMo=,aImoyNQJHYxYhcb/iMBvdBEBb4I=
112,-14,M06THl60qpp/fbRV+l5+OLHJTMo=,aImoyNQJHYxYhcb/iMBvdBEBb4I=
127,-14,M06THl60qpp/fbRV+l5+OLHJTMo=,aImoyNQJHYxYhcb/iMBvdBEBb4I=
127,-15,M06THl60qpp/fbRV+l5+OLHJTMo=,aImoyNQJHYxYhcb/iMBvdBEBb4I=
126,-15,M06THl60qpp/fbRV+l5+OLHJTMo=,aImoyNQJHYxYhcb/iMBvdBEBb4I=
118,-3,M06THl60qpp/fbRV+l5+OLHJTMo=,aImoyNQJHYxYhcb/iMBvdBEBb4I=
118,-1,M06THl60qpp/fbRV+l5+OLHJTMo=,aImoyNQJHYxYhcb/iMBvdBEBb4I=
120,-4,M06THl60qpp/fbRV+l5+OLHJTMo=,aImoyNQJHYxYhcb/iMBvdBEBb4I=
115,-2,M06THl60qpp/fbRV+l5+OLHJTMo=,aImoyNQJHYxYhcb/iMBvdBEBb4I=
123,-4,M06THl60qpp/fbRV+l5+OLHJTMo=,aImoyNQJHYxYhcb/iMBvdBEBb4I=
117,-3,M06THl60qpp/fbRV+l5+OLHJTMo=,aImoyNQJHYxYhcb/iMBvdBEBb4I=
117,-1,M06THl60qpp/fbRV+l5+OLHJTMo=,aImoyNQJHYxYhcb/iMBvdBEBb4I=
114,-2,M06THl60qpp/fbRV+l5+OLHJTMo=,aImoyNQJHYxYhcb/iMBvdBEBb4I=
126,-4,M06THl60qpp/fbRV+l5+OLHJTMo=,aImoyNQJHYxYhcb/iMBvdBEBb4I=
114,-16,M06THl60qpp/fbRV+l5+OLHJTMo=,aImoyNQJHYxYhcb/iMBvdBEBb4I=
124,-4,M06THl60qpp/fbRV+l5+OLHJTMo=,aImoyNQJHYxYhcb/iMBvdBEBb4I=
115,-9,M06THl60qpp/fbRV+l5+OLHJTMo=,aImoyNQJHYxYhcb/iMBvdBEBb4I=
122,-4,M06THl60qpp/fbRV+l5+OLHJTMo=,aImoyNQJHYxYhcb/iMBvdBEBb4I=
127,-4,M06THl60qpp/fbRV+l5+OLHJTMo=,aImoyNQJHYxYhcb/iMBvdBEBb4I=
117,-2,M06THl60qpp/fbRV+l5+OLHJTMo=,aImoyNQJHYxYhcb/iMBvdBEBb4I=
118,-4,M06THl60qpp/fbRV+l5+OLHJTMo=,aImoyNQJHYxYhcb/iMBvdBEBb4I=
115,-3,M06THl60qpp/fbRV+l5+OLHJTMo=,aImoyNQJHYxYhcb/iMBvdBEBb4I=
126,-14,M06THl60qpp/fbRV+l5+OLHJTMo=,aImoyNQJHYxYhcb/iMBvdBEBb4I=
125,-16,M06THl60qpp/fbRV+l5+OLHJTMo=,aImoyNQJHYxYhcb/iMBvdBEBb4I=
114,-3,M06THl60qpp/fbRV+l5+OLHJTMo=,aImoyNQJHYxYhcb/iMBvdBEBb4I=
125,-15,M06THl60qpp/fbRV+l5+OLHJTMo=,aImoyNQJHYxYhcb/iMBvdBEBb4I=
121,-4,M06THl60qpp/fbRV+l5+OLHJTMo=,aImoyNQJHYxYhcb/iMBvdBEBb4I=
112,-3,M06THl60qpp/fbRV+l5+OLHJTMo=,aImoyNQJHYxYhcb/iMBvdBEBb4I=
116,-3,M06THl60qpp/fbRV+l5+OLHJTMo=,aImoyNQJHYxYhcb/iMBvdBEBb4I=
119,-4,M06THl60qpp/fbRV+l5+OLHJTMo=,aImoyNQJHYxYhcb/iMBvdBEBb4I=
117,-4,M06THl60qpp/fbRV+l5+OLHJTMo=,aImoyNQJHYxYhcb/iMBvdBEBb4I=
123,-5,M06THl60qpp/fbRV+l5+OLHJTMo=,aImoyNQJHYxYhcb/iMBvdBEBb4I=
126,-5,M06THl60qpp/fbRV+l5+OLHJTMo=,aImoyNQJHYxYhcb/iMBvdBEBb4I=
124,-5,M06THl60qpp/fbRV+l5+OLHJTMo=,aImoyNQJHYxYhcb/iMBvdBEBb4I=
115,-4,M06THl60qpp/fbRV+l5+OLHJTMo=,aImoyNQJHYxYhcb/iMBvdBEBb4I=
122,-6,M06THl60qpp/fbRV+l5+OLHJTMo=,aImoyNQJHYxYhcb/iMBvdBEBb4I=
116,-9,M06THl60qpp/fbRV+l5+OLHJTMo=,aImoyNQJHYxYhcb/iMBvdBEBb4I=
117,-9,M06THl60qpp/fbRV+l5+OLHJTMo=,aImoyNQJHYxYhcb/iMBvdBEBb4I=
122,-5,M06THl60qpp/fbRV+l5+OLHJTMo=,aImoyNQJHYxYhcb/iMBvdBEBb4I=
125,-5,M06THl60qpp/fbRV+l5+OLHJTMo=,aImoyNQJHYxYhcb/iMBvdBEBb4I=
121,-5,M06THl60qpp/fbRV+l5+OLHJTMo=,aImoyNQJHYxYhcb/iMBvdBEBb4I=
114,-4,M06THl60qpp/fbRV+l5+OLHJTMo=,aImoyNQJHYxYhcb/iMBvdBEBb4I=
124,-16,M06THl60qpp/fbRV+l5+OLHJTMo=,aImoyNQJHYxYhcb/iMBvdBEBb4I=
125,-14,M06THl60qpp/fbRV+l5+OLHJTMo=,aImoyNQJHYxYhcb/iMBvdBEBb4I=
112,-6,M06THl60qpp/fbRV+l5+OLHJTMo=,aImoyNQJHYxYhcb/iMBvdBEBb4I=
124,-15,M06THl60qpp/fbRV+l5+OLHJTMo=,aImoyNQJHYxYhcb/iMBvdBEBb4I=
123,-6,M06THl60qpp/fbRV+l5+OLHJTMo=,aImoyNQJHYxYhcb/iMBvdBEBb4I=
127,-6,M06THl60qpp/fbRV+l5+OLHJTMo=,aImoyNQJHYxYhcb/iMBvdBEBb4I=
117,-5,M06THl60qpp/fbRV+l5+OLHJTMo=,aImoyNQJHYxYhcb/iMBvdBEBb4I=
127,-5,M06THl60qpp/fbRV+l5+OLHJTMo=,aImoyNQJHYxYhcb/iMBvdBEBb4I=
123,-7,M06THl60qpp/fbRV+l5+OLHJTMo=,aImoyNQJHYxYhcb/iMBvdBEBb4I=
122,-7,M06THl60qpp/fbRV+l5+OLHJTMo=,aImoyNQJHYxYhcb/iMBvdBEBb4I=
121,-7,M06THl60qpp/fbRV+l5+OLHJTMo=,aImoyNQJHYxYhcb/iMBvdBEBb4I=
116,-2,M06THl60qpp/fbRV+l5+OLHJTMo=,aImoyNQJHYxYhcb/iMBvdBEBb4I=
113,-4,M06THl60qpp/fbRV+l5+OLHJTMo=,aImoyNQJHYxYhcb/iMBvdBEBb4I=
112,-4,M06THl60qpp/fbRV+l5+OLHJTMo=,aImoyNQJHYxYhcb/iMBvdBEBb4I=
127,-7,M06THl60qpp/fbRV+l5+OLHJTMo=,aImoyNQJHYxYhcb/iMBvdBEBb4I=
121,-6,M06THl60qpp/fbRV+l5+OLHJTMo=,aImoyNQJHYxYhcb/iMBvdBEBb4I=
124,-6,M06THl60qpp/fbRV+l5+OLHJTMo=,aImoyNQJHYxYhcb/iMBvdBEBb4I=
114,-7,M06THl60qpp/fbRV+l5+OLHJTMo=,aImoyNQJHYxYhcb/iMBvdBEBb4I=
120,-6,M06THl60qpp/fbRV+l5+OLHJTMo=,aImoyNQJHYxYhcb/iMBvdBEBb4I=
123,-16,M06THl60qpp/fbRV+l5+OLHJTMo=,aImoyNQJHYxYhcb/iMBvdBEBb4I=
124,-14,M06THl60qpp/fbRV+l5+OLHJTMo=,aImoyNQJHYxYhcb/iMBvdBEBb4I=
123,-15,M06THl60qpp/fbRV+l5+OLHJTMo=,aImoyNQJHYxYhcb/iMBvdBEBb4I=
112,-7,M06THl60qpp/fbRV+l5+OLHJTMo=,aImoyNQJHYxYhcb/iMBvdBEBb4I=
127,-8,M06THl60qpp/fbRV+l5+OLHJTMo=,aImoyNQJHYxYhcb/iMBvdBEBb4I=
112,-2,M06THl60qpp/fbRV+l5+OLHJTMo=,aImoyNQJHYxYhcb/iMBvdBEBb4I=
125,-8,M06THl60qpp/fbRV+l5+OLHJTMo=,aImoyNQJHYxYhcb/iMBvdBEBb4I=
118,-5,M06THl60qpp/fbRV+l5+OLHJTMo=,aImoyNQJHYxYhcb/iMBvdBEBb4I=
119,-5,M06THl60qpp/fbRV+l5+OLHJTMo=,aImoyNQJHYxYhcb/iMBvdBEBb4I=
122,-8,M06THl60qpp/fbRV+l5+OLHJTMo=,aImoyNQJHYxYhcb/iMBvdBEBb4I=
121,-8,M06THl60qpp/fbRV+l5+OLHJTMo=,aImoyNQJHYxYhcb/iMBvdBEBb4I=
120,-8,M06THl60qpp/fbRV+l5+OLHJTMo=,aImoyNQJHYxYhcb/iMBvdBEBb4I=
113,-5,M06THl60qpp/fbRV+l5+OLHJTMo=,aImoyNQJHYxYhcb/iMBvdBEBb4I=
118,-8,M06THl60qpp/fbRV+l5+OLHJTMo=,aImoyNQJHYxYhcb/iMBvdBEBb4I=
126,-6,M06THl60qpp/fbRV+l5+OLHJTMo=,aImoyNQJHYxYhcb/iMBvdBEBb4I=
120,-5,M06THl60qpp/fbRV+l5+OLHJTMo=,aImoyNQJHYxYhcb/iMBvdBEBb4I=
114,-6,M06THl60qpp/fbRV+l5+OLHJTMo=,aImoyNQJHYxYhcb/iMBvdBEBb4I=
125,-7,M06THl60qpp/fbRV+l5+OLHJTMo=,aImoyNQJHYxYhcb/iMBvdBEBb4I=
123,-14,M06THl60qpp/fbRV+l5+OLHJTMo=,aImoyNQJHYxYhcb/iMBvdBEBb4I=
123,-8,M06THl60qpp/fbRV+l5+OLHJTMo=,aImoyNQJHYxYhcb/iMBvdBEBb4I=
126,-7,M06THl60qpp/fbRV+l5+OLHJTMo=,aImoyNQJHYxYhcb/iMBvdBEBb4I=
122,-16,M06THl60qpp/fbRV+l5+OLHJTMo=,aImoyNQJHYxYhcb/iMBvdBEBb4I=
115,-6,M06THl60qpp/fbRV+l5+OLHJTMo=,aImoyNQJHYxYhcb/iMBvdBEBb4I=
122,-15,M06THl60qpp/fbRV+l5+OLHJTMo=,aImoyNQJHYxYhcb/iMBvdBEBb4I=
127,-9,M06THl60qpp/fbRV+l5+OLHJTMo=,aImoyNQJHYxYhcb/iMBvdBEBb4I=
126,-9,M06THl60qpp/fbRV+l5+OLHJTMo=,aImoyNQJHYxYhcb/iMBvdBEBb4I=
124,-9,M06THl60qpp/fbRV+l5+OLHJTMo=,aImoyNQJHYxYhcb/iMBvdBEBb4I=
125,-9,M06THl60qpp/fbRV+l5+OLHJTMo=,aImoyNQJHYxYhcb/iMBvdBEBb4I=
123,-9,M06THl60qpp/fbRV+l5+OLHJTMo=,aImoyNQJHYxYhcb/iMBvdBEBb4I=
122,-9,M06THl60qpp/fbRV+l5+OLHJTMo=,aImoyNQJHYxYhcb/iMBvdBEBb4I=
121,-9,M06THl60qpp/fbRV+l5+OLHJTMo=,aImoyNQJHYxYhcb/iMBvdBEBb4I=
120,-9,M06THl60qpp/fbRV+l5+OLHJTMo=,aImoyNQJHYxYhcb/iMBvdBEBb4I=
119,-9,M06THl60qpp/fbRV+l5+OLHJTMo=,aImoyNQJHYxYhcb/iMBvdBEBb4I=
119,-6,M06THl60qpp/fbRV+l5+OLHJTMo=,aImoyNQJHYxYhcb/iMBvdBEBb4I=
120,-7,M06THl60qpp/fbRV+l5+OLHJTMo=,aImoyNQJHYxYhcb/iMBvdBEBb4I=
116,-5,M06THl60qpp/fbRV+l5+OLHJTMo=,aImoyNQJHYxYhcb/iMBvdBEBb4I=
118,-9,M06THl60qpp/fbRV+l5+OLHJTMo=,aImoyNQJHYxYhcb/iMBvdBEBb4I=
113,-6,M06THl60qpp/fbRV+l5+OLHJTMo=,aImoyNQJHYxYhcb/iMBvdBEBb4I=
118,-6,M06THl60qpp/fbRV+l5+OLHJTMo=,aImoyNQJHYxYhcb/iMBvdBEBb4I=
117,-6,M06THl60qpp/fbRV+l5+OLHJTMo=,aImoyNQJHYxYhcb/iMBvdBEBb4I=
126,-8,M06THl60qpp/fbRV+l5+OLHJTMo=,aImoyNQJHYxYhcb/iMBvdBEBb4I=
124,-8,M06THl60qpp/fbRV+l5+OLHJTMo=,aImoyNQJHYxYhcb/iMBvdBEBb4I=
117,-8,M06THl60qpp/fbRV+l5+OLHJTMo=,aImoyNQJHYxYhcb/iMBvdBEBb4I=
124,-7,M06THl60qpp/fbRV+l5+OLHJTMo=,aImoyNQJHYxYhcb/iMBvdBEBb4I=
114,-8,M06THl60qpp/fbRV+l5+OLHJTMo=,aImoyNQJHYxYhcb/iMBvdBEBb4I=
112,-5,M06THl60qpp/fbRV+l5+OLHJTMo=,aImoyNQJHYxYhcb/iMBvdBEBb4I=
125,-6,M06THl60qpp/fbRV+l5+OLHJTMo=,aImoyNQJHYxYhcb/iMBvdBEBb4I=
114,-5,M06THl60qpp/fbRV+l5+OLHJTMo=,aImoyNQJHYxYhcb/iMBvdBEBb4I=
115,-5,M06THl60qpp/fbRV+l5+OLHJTMo=,aImoyNQJHYxYhcb/iMBvdBEBb4I=
119,-8,M06THl60qpp/fbRV+l5+OLHJTMo=,aImoyNQJHYxYhcb/iMBvdBEBb4I=
118,-7,M06THl60qpp/fbRV+l5+OLHJTMo=,aImoyNQJHYxYhcb/iMBvdBEBb4I=
112,-8,M06THl60qpp/fbRV+l5+OLHJTMo=,aImoyNQJHYxYhcb/iMBvdBEBb4I=
116,-8,M06THl60qpp/fbRV+l5+OLHJTMo=,aImoyNQJHYxYhcb/iMBvdBEBb4I=
113,-7,M06THl60qpp/fbRV+l5+OLHJTMo=,aImoyNQJHYxYhcb/iMBvdBEBb4I=
113,-8,M06THl60qpp/fbRV+l5+OLHJTMo=,aImoyNQJHYxYhcb/iMBvdBEBb4I=
116,-4,M06THl60qpp/fbRV+l5+OLHJTMo=,aImoyNQJHYxYhcb/iMBvdBEBb4I=
117,-7,M06THl60qpp/fbRV+l5+OLHJTMo=,aImoyNQJHYxYhcb/iMBvdBEBb4I=
116,-6,M06THl60qpp/fbRV+l5+OLHJTMo=,aImoyNQJHYxYhcb/iMBvdBEBb4I=
115,-8,M06THl60qpp/fbRV+l5+OLHJTMo=,aImoyNQJHYxYhcb/iMBvdBEBb4I=
116,-7,M06THl60qpp/fbRV+l5+OLHJTMo=,aImoyNQJHYxYhcb/iMBvdBEBb4I=
115,-7,M06THl60qpp/fbRV+l5+OLHJTMo=,aImoyNQJHYxYhcb/iMBvdBEBb4I=
119,-7,M06THl60qpp/fbRV+l5+OLHJTMo=,aImoyNQJHYxYhcb/iMBvdBEBb4I=
117,-32,M06THl60qpp/fbRV+l5+OLHJTMo=,bz0ZfjwZYylkHtaCavLa+r/Ynhk=
118,-29,M06THl60qpp/fbRV+l5+OLHJTMo=,bz0ZfjwZYylkHtaCavLa+r/Ynhk=
117,-30,M06THl60qpp/fbRV+l5+OLHJTMo=,bz0ZfjwZYylkHtaCavLa+r/Ynhk=
118,-30,M06THl60qpp/fbRV+l5+OLHJTMo=,bz0ZfjwZYylkHtaCavLa+r/Ynhk=
115,-32,M06THl60qpp/fbRV+l5+OLHJTMo=,bz0ZfjwZYylkHtaCavLa+r/Ynhk=
119,-29,M06THl60qpp/fbRV+l5+OLHJTMo=,bz0ZfjwZYylkHtaCavLa+r/Ynhk=
117,-29,M06THl60qpp/fbRV+l5+OLHJTMo=,bz0ZfjwZYylkHtaCavLa+r/Ynhk=
116,-29,M06THl60qpp/fbRV+l5+OLHJTMo=,bz0ZfjwZYylkHtaCavLa+r/Ynhk=
121,-29,M06THl60qpp/fbRV+l5+OLHJTMo=,bz0ZfjwZYylkHtaCavLa+r/Ynhk=
120,-29,M06THl60qpp/fbRV+l5+OLHJTMo=,bz0ZfjwZYylkHtaCavLa+r/Ynhk=
116,-31,M06THl60qpp/fbRV+l5+OLHJTMo=,bz0ZfjwZYylkHtaCavLa+r/Ynhk=
115,-29,M06THl60qpp/fbRV+l5+OLHJTMo=,bz0ZfjwZYylkHtaCavLa+r/Ynhk=
122,-29,M06THl60qpp/fbRV+l5+OLHJTMo=,bz0ZfjwZYylkHtaCavLa+r/Ynhk=
113,-32,M06THl60qpp/fbRV+l5+OLHJTMo=,bz0ZfjwZYylkHtaCavLa+r/Ynhk=
117,-31,M06THl60qpp/fbRV+l5+OLHJTMo=,bz0ZfjwZYylkHtaCavLa+r/Ynhk=
123,-29,M06THl60qpp/fbRV+l5+OLHJTMo=,bz0ZfjwZYylkHtaCavLa+r/Ynhk=
127,-17,M06THl60qpp/fbRV+l5+OLHJTMo=,bz0ZfjwZYylkHtaCavLa+r/Ynhk=
116,-30,M06THl60qpp/fbRV+l5+OLHJTMo=,bz0ZfjwZYylkHtaCavLa+r/Ynhk=
124,-29,M06THl60qpp/fbRV+l5+OLHJTMo=,bz0ZfjwZYylkHtaCavLa+r/Ynhk=
125,-17,M06THl60qpp/fbRV+l5+OLHJTMo=,bz0ZfjwZYylkHtaCavLa+r/Ynhk=
126,-17,M06THl60qpp/fbRV+l5+OLHJTMo=,bz0ZfjwZYylkHtaCavLa+r/Ynhk=
124,-17,M06THl60qpp/fbRV+l5+OLHJTMo=,bz0ZfjwZYylkHtaCavLa+r/Ynhk=
125,-29,M06THl60qpp/fbRV+l5+OLHJTMo=,bz0ZfjwZYylkHtaCavLa+r/Ynhk=
123,-17,M06THl60qpp/fbRV+l5+OLHJTMo=,bz0ZfjwZYylkHtaCavLa+r/Ynhk=
121,-17,M06THl60qpp/fbRV+l5+OLHJTMo=,bz0ZfjwZYylkHtaCavLa+r/Ynhk=
126,-29,M06THl60qpp/fbRV+l5+OLHJTMo=,bz0ZfjwZYylkHtaCavLa+r/Ynhk=
114,-29,M06THl60qpp/fbRV+l5+OLHJTMo=,bz0ZfjwZYylkHtaCavLa+r/Ynhk=
120,-17,M06THl60qpp/fbRV+l5+OLHJTMo=,bz0ZfjwZYylkHtaCavLa+r/Ynhk=
118,-17,M06THl60qpp/fbRV+l5+OLHJTMo=,bz0ZfjwZYylkHtaCavLa+r/Ynhk=
122,-17,M06THl60qpp/fbRV+l5+OLHJTMo=,bz0ZfjwZYylkHtaCavLa+r/Ynhk=
117,-17,M06THl60qpp/fbRV+l5+OLHJTMo=,bz0ZfjwZYylkHtaCavLa+r/Ynhk=
127,-29,M06THl60qpp/fbRV+l5+OLHJTMo=,bz0ZfjwZYylkHtaCavLa+r/Ynhk=
115,-17,M06THl60qpp/fbRV+l5+OLHJTMo=,bz0ZfjwZYylkHtaCavLa+r/Ynhk=
116,-17,M06THl60qpp/fbRV+l5+OLHJTMo=,bz0ZfjwZYylkHtaCavLa+r/Ynhk=
114,-17,M06THl60qpp/fbRV+l5+OLHJTMo=,bz0ZfjwZYylkHtaCavLa+r/Ynhk=
118,-31,M06THl60qpp/fbRV+l5+OLHJTMo=,bz0ZfjwZYylkHtaCavLa+r/Ynhk=
116,-32,M06THl60qpp/fbRV+l5+OLHJTMo=,bz0ZfjwZYylkHtaCavLa+r/Ynhk=
112,-17,M06THl60qpp/fbRV+l5+OLHJTMo=,bz0ZfjwZYylkHtaCavLa+r/Ynhk=
115,-30,M06THl60qpp/fbRV+l5+OLHJTMo=,bz0ZfjwZYylkHtaCavLa+r/Ynhk=
118,-32,M06THl60qpp/fbRV+l5+OLHJTMo=,bz0ZfjwZYylkHtaCavLa+r/Ynhk=
113,-29,M06THl60qpp/fbRV+l5+OLHJTMo=,bz0ZfjwZYylkHtaCavLa+r/Ynhk=
127,-18,M06THl60qpp/fbRV+l5+OLHJTMo=,bz0ZfjwZYylkHtaCavLa+r/Ynhk=
124,-18,M06THl60qpp/fbRV+l5+OLHJTMo=,bz0ZfjwZYylkHtaCavLa+r/Ynhk=
112,-28,M06THl60qpp/fbRV+l5+OLHJTMo=,bz0ZfjwZYylkHtaCavLa+r/Ynhk=
119,-17,M06THl60qpp/fbRV+l5+OLHJTMo=,bz0ZfjwZYylkHtaCavLa+r/Ynhk=
122,-18,M06THl60qpp/fbRV+l5+OLHJTMo=,bz0ZfjwZYylkHtaCavLa+r/Ynhk=
119,-30,M06THl60qpp/fbRV+l5+OLHJTMo=,bz0ZfjwZYylkHtaCavLa+r/Ynhk=
121,-18,M06THl60qpp/fbRV+l5+OLHJTMo=,bz0ZfjwZYylkHtaCavLa+r/Ynhk=
120,-18,M06THl60qpp/fbRV+l5+OLHJTMo=,bz0ZfjwZYylkHtaCavLa+r/Ynhk=
126,-18,M06THl60qpp/fbRV+l5+OLHJTMo=,bz0ZfjwZYylkHtaCavLa+r/Ynhk=
113,-28,M06THl60qpp/fbRV+l5+OLHJTMo=,bz0ZfjwZYylkHtaCavLa+r/Ynhk=
114,-28,M06THl60qpp/fbRV+l5+OLHJTMo=,bz0ZfjwZYylkHtaCavLa+r/Ynhk=
116,-28,M06THl60qpp/fbRV+l5+OLHJTMo=,bz0ZfjwZYylkHtaCavLa+r/Ynhk=
112,-32,M06THl60qpp/fbRV+l5+OLHJTMo=,bz0ZfjwZYylkHtaCavLa+r/Ynhk=
115,-28,M06THl60qpp/fbRV+l5+OLHJTMo=,bz0ZfjwZYylkHtaCavLa+r/Ynhk=
118,-28,M06THl60qpp/fbRV+l5+OLHJTMo=,bz0ZfjwZYylkHtaCavLa+r/Ynhk=
117,-28,M06THl60qpp/fbRV+l5+OLHJTMo=,bz0ZfjwZYylkHtaCavLa+r/Ynhk=
119,-28,M06THl60qpp/fbRV+l5+OLHJTMo=,bz0ZfjwZYylkHtaCavLa+r/Ynhk=
120,-28,M06THl60qpp/fbRV+l5+OLHJTMo=,bz0ZfjwZYylkHtaCavLa+r/Ynhk=
121,-28,M06THl60qpp/fbRV+l5+OLHJTMo=,bz0ZfjwZYylkHtaCavLa+r/Ynhk=
122,-28,M06THl60qpp/fbRV+l5+OLHJTMo=,bz0ZfjwZYylkHtaCavLa+r/Ynhk=
124,-28,M06THl60qpp/fbRV+l5+OLHJTMo=,bz0ZfjwZYylkHtaCavLa+r/Ynhk=
125,-28,M06THl60qpp/fbRV+l5+OLHJTMo=,bz0ZfjwZYylkHtaCavLa+r/Ynhk=
123,-28,M06THl60qpp/fbRV+l5+OLHJTMo=,bz0ZfjwZYylkHtaCavLa+r/Ynhk=
126,-28,M06THl60qpp/fbRV+l5+OLHJTMo=,bz0ZfjwZYylkHtaCavLa+r/Ynhk=
119,-31,M06THl60qpp/fbRV+l5+OLHJTMo=,bz0ZfjwZYylkHtaCavLa+r/Ynhk=
127,-28,M06THl60qpp/fbRV+l5+OLHJTMo=,bz0ZfjwZYylkHtaCavLa+r/Ynhk=
112,-27,M06THl60qpp/fbRV+l5+OLHJTMo=,bz0ZfjwZYylkHtaCavLa+r/Ynhk=
113,-18,M06THl60qpp/fbRV+l5+OLHJTMo=,bz0ZfjwZYylkHtaCavLa+r/Ynhk=
119,-32,M06THl60qpp/fbRV+l5+OLHJTMo=,bz0ZfjwZYylkHtaCavLa+r/Ynhk=
120,-30,M06THl60qpp/fbRV+l5+OLHJTMo=,bz0ZfjwZYylkHtaCavLa+r/Ynhk=
114,-30,M06THl60qpp/fbRV+l5+OLHJTMo=,bz0ZfjwZYylkHtaCavLa+r/Ynhk=
113,-27,M06THl60qpp/fbRV+l5+OLHJTMo=,bz0ZfjwZYylkHtaCavLa+r/Ynhk=
115,-31,M06THl60qpp/fbRV+l5+OLHJTMo=,bz0ZfjwZYylkHtaCavLa+r/Ynhk=
114,-27,M06THl60qpp/fbRV+l5+OLHJTMo=,bz0ZfjwZYylkHtaCavLa+r/Ynhk=
127,-19,M06THl60qpp/fbRV+l5+OLHJTMo=,bz0ZfjwZYylkHtaCavLa+r/Ynhk=
126,-19,M06THl60qpp/fbRV+l5+OLHJTMo=,bz0ZfjwZYylkHtaCavLa+r/Ynhk=
115,-27,M06THl60qpp/fbRV+l5+OLHJTMo=,bz0ZfjwZYylkHtaCavLa+r/Ynhk=
125,-19,M06THl60qpp/fbRV+l5+OLHJTMo=,bz0ZfjwZYylkHtaCavLa+r/Ynhk=
116,-27,M06THl60qpp/fbRV+l5+OLHJTMo=,bz0ZfjwZYylkHtaCavLa+r/Ynhk=
122,-19,M06THl60qpp/fbRV+l5+OLHJTMo=,bz0ZfjwZYylkHtaCavLa+r/Ynhk=
117,-27,M06THl60qpp/fbRV+l5+OLHJTMo=,bz0ZfjwZYylkHtaCavLa+r/Ynhk=
124,-19,M06THl60qpp/fbRV+l5+OLHJTMo=,bz0ZfjwZYylkHtaCavLa+r/Ynhk=
118,-27,M06THl60qpp/fbRV+l5+OLHJTMo=,bz0ZfjwZYylkHtaCavLa+r/Ynhk=
119,-27,M06THl60qpp/fbRV+l5+OLHJTMo=,bz0ZfjwZYylkHtaCavLa+r/Ynhk=
120,-27,M06THl60qpp/fbRV+l5+OLHJTMo=,bz0ZfjwZYylkHtaCavLa+r/Ynhk=
121,-27,M06THl60qpp/fbRV+l5+OLHJTMo=,bz0ZfjwZYylkHtaCavLa+r/Ynhk=
120,-19,M06THl60qpp/fbRV+l5+OLHJTMo=,bz0ZfjwZYylkHtaCavLa+r/Ynhk=
122,-27,M06THl60qpp/fbRV+l5+OLHJTMo=,bz0ZfjwZYylkHtaCavLa+r/Ynhk=
123,-27,M06THl60qpp/fbRV+l5+OLHJTMo=,bz0ZfjwZYylkHtaCavLa+r/Ynhk=
124,-27,M06THl60qpp/fbRV+l5+OLHJTMo=,bz0ZfjwZYylkHtaCavLa+r/Ynhk=
125,-27,M06THl60qpp/fbRV+l5+OLHJTMo=,bz0ZfjwZYylkHtaCavLa+r/Ynhk=
126,-27,M06THl60qpp/fbRV+l5+OLHJTMo=,bz0ZfjwZYylkHtaCavLa+r/Ynhk=
120,-31,M06THl60qpp/fbRV+l5+OLHJTMo=,bz0ZfjwZYylkHtaCavLa+r/Ynhk=
127,-27,M06THl60qpp/fbRV+l5+OLHJTMo=,bz0ZfjwZYylkHtaCavLa+r/Ynhk=
121,-30,M06THl60qpp/fbRV+l5+OLHJTMo=,bz0ZfjwZYylkHtaCavLa+r/Ynhk=
112,-26,M06THl60qpp/fbRV+l5+OLHJTMo=,bz0ZfjwZYylkHtaCavLa+r/Ynhk=
116,-19,M06THl60qpp/fbRV+l5+OLHJTMo=,bz0ZfjwZYylkHtaCavLa+r/Ynhk=
120,-32,M06THl60qpp/fbRV+l5+OLHJTMo=,bz0ZfjwZYylkHtaCavLa+r/Ynhk=
113,-26,M06THl60qpp/fbRV+l5+OLHJTMo=,bz0ZfjwZYylkHtaCavLa+r/Ynhk=
114,-19,M06THl60qpp/fbRV+l5+OLHJTMo=,bz0ZfjwZYylkHtaCavLa+r/Ynhk=
114,-26,M06THl60qpp/fbRV+l5+OLHJTMo=,bz0ZfjwZYylkHtaCavLa+r/Ynhk=
115,-19,M06THl60qpp/fbRV+l5+OLHJTMo=,bz0ZfjwZYylkHtaCavLa+r/Ynhk=
115,-26,M06THl60qpp/fbRV+l5+OLHJTMo=,bz0ZfjwZYylkHtaCavLa+r/Ynhk=
113,-19,M06THl60qpp/fbRV+l5+OLHJTMo=,bz0ZfjwZYylkHtaCavLa+r/Ynhk=
113,-30,M06THl60qpp/fbRV+l5+OLHJTMo=,bz0ZfjwZYylkHtaCavLa+r/Ynhk=
116,-26,M06THl60qpp/fbRV+l5+OLHJTMo=,bz0ZfjwZYylkHtaCavLa+r/Ynhk=
114,-31,M06THl60qpp/fbRV+l5+OLHJTMo=,bz0ZfjwZYylkHtaCavLa+r/Ynhk=
127,-20,M06THl60qpp/fbRV+l5+OLHJTMo=,bz0ZfjwZYylkHtaCavLa+r/Ynhk=
126,-20,M06THl60qpp/fbRV+l5+OLHJTMo=,bz0ZfjwZYylkHtaCavLa+r/Ynhk=
117,-26,M06THl60qpp/fbRV+l5+OLHJTMo=,bz0ZfjwZYylkHtaCavLa+r/Ynhk=
118,-26,M06THl60qpp/fbRV+l5+OLHJTMo=,bz0ZfjwZYylkHtaCavLa+r/Ynhk=
123,-20,M06THl60qpp/fbRV+l5+OLHJTMo=,bz0ZfjwZYylkHtaCavLa+r/Ynhk=
119,-26,M06THl60qpp/fbRV+l5+OLHJTMo=,bz0ZfjwZYylkHtaCavLa+r/Ynhk=
122,-20,M06THl60qpp/fbRV+l5+OLHJTMo=,bz0ZfjwZYylkHtaCavLa+r/Ynhk=
120,-26,M06THl60qpp/fbRV+l5+OLHJTMo=,bz0ZfjwZYylkHtaCavLa+r/Ynhk=
125,-20,M06THl60qpp/fbRV+l5+OLHJTMo=,bz0ZfjwZYylkHtaCavLa+r/Ynhk=
121,-20,M06THl60qpp/fbRV+l5+OLHJTMo=,bz0ZfjwZYylkHtaCavLa+r/Ynhk=
121,-26,M06THl60qpp/fbRV+l5+OLHJTMo=,bz0ZfjwZYylkHtaCavLa+r/Ynhk=
122,-26,M06THl60qpp/fbRV+l5+OLHJTMo=,bz0ZfjwZYylkHtaCavLa+r/Ynhk=
120,-20,M06THl60qpp/fbRV+l5+OLHJTMo=,bz0ZfjwZYylkHtaCavLa+r/Ynhk=
123,-26,M06THl60qpp/fbRV+l5+OLHJTMo=,bz0ZfjwZYylkHtaCavLa+r/Ynhk=
124,-26,M06THl60qpp/fbRV+l5+OLHJTMo=,bz0ZfjwZYylkHtaCavLa+r/Ynhk=
116,-20,M06THl60qpp/fbRV+l5+OLHJTMo=,bz0ZfjwZYylkHtaCavLa+r/Ynhk=
125,-26,M06THl60qpp/fbRV+l5+OLHJTMo=,bz0ZfjwZYylkHtaCavLa+r/Ynhk=
115,-20,M06THl60qpp/fbRV+l5+OLHJTMo=,bz0ZfjwZYylkHtaCavLa+r/Ynhk=
126,-26,M06THl60qpp/fbRV+l5+OLHJTMo=,bz0ZfjwZYylkHtaCavLa+r/Ynhk=
113,-20,M06THl60qpp/fbRV+l5+OLHJTMo=,bz0ZfjwZYylkHtaCavLa+r/Ynhk=
121,-31,M06THl60qpp/fbRV+l5+OLHJTMo=,bz0ZfjwZYylkHtaCavLa+r/Ynhk=
112,-20,M06THl60qpp/fbRV+l5+OLHJTMo=,bz0ZfjwZYylkHtaCavLa+r/Ynhk=
127,-26,M06THl60qpp/fbRV+l5+OLHJTMo=,bz0ZfjwZYylkHtaCavLa+r/Ynhk=
113,-31,M06THl60qpp/fbRV+l5+OLHJTMo=,bz0ZfjwZYylkHtaCavLa+r/Ynhk=
122,-30,M06THl60qpp/fbRV+l5+OLHJTMo=,bz0ZfjwZYylkHtaCavLa+r/Ynhk=
127,-32,M06THl60qpp/fbRV+l5+OLHJTMo=,bz0ZfjwZYylkHtaCavLa+r/Ynhk=
121,-32,M06THl60qpp/fbRV+l5+OLHJTMo=,bz0ZfjwZYylkHtaCavLa+r/Ynhk=
114,-32,M06THl60qpp/fbRV+l5+OLHJTMo=,bz0ZfjwZYylkHtaCavLa+r/Ynhk=
112,-25,M06THl60qpp/fbRV+l5+OLHJTMo=,bz0ZfjwZYylkHtaCavLa+r/Ynhk=
112,-29,M06THl60qpp/fbRV+l5+OLHJTMo=,bz0ZfjwZYylkHtaCavLa+r/Ynhk=
113,-25,M06THl60qpp/fbRV+l5+OLHJTMo=,bz0ZfjwZYylkHtaCavLa+r/Ynhk=
112,-31,M06THl60qpp/fbRV+l5+OLHJTMo=,bz0ZfjwZYylkHtaCavLa+r/Ynhk=
126,-32,M06THl60qpp/fbRV+l5+OLHJTMo=,bz0ZfjwZYylkHtaCavLa+r/Ynhk=
114,-25,M06THl60qpp/fbRV+l5+OLHJTMo=,bz0ZfjwZYylkHtaCavLa+r/Ynhk=
112,-30,M06THl60qpp/fbRV+l5+OLHJTMo=,bz0ZfjwZYylkHtaCavLa+r/Ynhk=
127,-30,M06THl60qpp/fbRV+l5+OLHJTMo=,bz0ZfjwZYylkHtaCavLa+r/Ynhk=
115,-25,M06THl60qpp/fbRV+l5+OLHJTMo=,bz0ZfjwZYylkHtaCavLa+r/Ynhk=
127,-31,M06THl60qpp/fbRV+l5+OLHJTMo=,bz0ZfjwZYylkHtaCavLa+r/Ynhk=
116,-25,M06THl60qpp/fbRV+l5+OLHJTMo=,bz0ZfjwZYylkHtaCavLa+r/Ynhk=
126,-21,M06THl60qpp/fbRV+l5+OLHJTMo=,bz0ZfjwZYylkHtaCavLa+r/Ynhk=
117,-25,M06THl60qpp/fbRV+l5+OLHJTMo=,bz0ZfjwZYylkHtaCavLa+r/Ynhk=
126,-31,M06THl60qpp/fbRV+l5+OLHJTMo=,bz0ZfjwZYylkHtaCavLa+r/Ynhk=
119,-25,M06THl60qpp/fbRV+l5+OLHJTMo=,bz0ZfjwZYylkHtaCavLa+r/Ynhk=
118,-25,M06THl60qpp/fbRV+l5+OLHJTMo=,bz0ZfjwZYylkHtaCavLa+r/Ynhk=
122,-21,M06THl60qpp/fbRV+l5+OLHJTMo=,bz0ZfjwZYylkHtaCavLa+r/Ynhk=
120,-25,M06THl60qpp/fbRV+l5+OLHJTMo=,bz0ZfjwZYylkHtaCavLa+r/Ynhk=
123,-21,M06THl60qpp/fbRV+l5+OLHJTMo=,bz0ZfjwZYylkHtaCavLa+r/Ynhk=
121,-21,M06THl60qpp/fbRV+l5+OLHJTMo=,bz0ZfjwZYylkHtaCavLa+r/Ynhk=
121,-25,M06THl60qpp/fbRV+l5+OLHJTMo=,bz0ZfjwZYylkHtaCavLa+r/Ynhk=
119,-21,M06THl60qpp/fbRV+l5+OLHJTMo=,bz0ZfjwZYylkHtaCavLa+r/Ynhk=
122,-25,M06THl60qpp/fbRV+l5+OLHJTMo=,bz0ZfjwZYylkHtaCavLa+r/Ynhk=
123,-25,M06THl60qpp/fbRV+l5+OLHJTMo=,bz0ZfjwZYylkHtaCavLa+r/Ynhk=
118,-21,M06THl60qpp/fbRV+l5+OLHJTMo=,bz0ZfjwZYylkHtaCavLa+r/Ynhk=
124,-25,M06THl60qpp/fbRV+l5+OLHJTMo=,bz0ZfjwZYylkHtaCavLa+r/Ynhk=
117,-21,M06THl60qpp/fbRV+l5+OLHJTMo=,bz0ZfjwZYylkHtaCavLa+r/Ynhk=
125,-25,M06THl60qpp/fbRV+l5+OLHJTMo=,bz0ZfjwZYylkHtaCavLa+r/Ynhk=
116,-21,M06THl60qpp/fbRV+l5+OLHJTMo=,bz0ZfjwZYylkHtaCavLa+r/Ynhk=
126,-25,M06THl60qpp/fbRV+l5+OLHJTMo=,bz0ZfjwZYylkHtaCavLa+r/Ynhk=
115,-21,M06THl60qpp/fbRV+l5+OLHJTMo=,bz0ZfjwZYylkHtaCavLa+r/Ynhk=
122,-31,M06THl60qpp/fbRV+l5+OLHJTMo=,bz0ZfjwZYylkHtaCavLa+r/Ynhk=
114,-21,M06THl60qpp/fbRV+l5+OLHJTMo=,bz0ZfjwZYylkHtaCavLa+r/Ynhk=
127,-25,M06THl60qpp/fbRV+l5+OLHJTMo=,bz0ZfjwZYylkHtaCavLa+r/Ynhk=
123,-30,M06THl60qpp/fbRV+l5+OLHJTMo=,bz0ZfjwZYylkHtaCavLa+r/Ynhk=
112,-21,M06THl60qpp/fbRV+l5+OLHJTMo=,bz0ZfjwZYylkHtaCavLa+r/Ynhk=
125,-32,M06THl60qpp/fbRV+l5+OLHJTMo=,bz0ZfjwZYylkHtaCavLa+r/Ynhk=
122,-32,M06THl60qpp/fbRV+l5+OLHJTMo=,bz0ZfjwZYylkHtaCavLa+r/Ynhk=
112,-24,M06THl60qpp/fbRV+l5+OLHJTMo=,bz0ZfjwZYylkHtaCavLa+r/Ynhk=
113,-21,M06THl60qpp/fbRV+l5+OLHJTMo=,bz0ZfjwZYylkHtaCavLa+r/Ynhk=
126,-30,M06THl60qpp/fbRV+l5+OLHJTMo=,bz0ZfjwZYylkHtaCavLa+r/Ynhk=
127,-22,M06THl60qpp/fbRV+l5+OLHJTMo=,bz0ZfjwZYylkHtaCavLa+r/Ynhk=
113,-24,M06THl60qpp/fbRV+l5+OLHJTMo=,bz0ZfjwZYylkHtaCavLa+r/Ynhk=
126,-22,M06THl60qpp/fbRV+l5+OLHJTMo=,bz0ZfjwZYylkHtaCavLa+r/Ynhk=
114,-24,M06THl60qpp/fbRV+l5+OLHJTMo=,bz0ZfjwZYylkHtaCavLa+r/Ynhk=
125,-22,M06THl60qpp/fbRV+l5+OLHJTMo=,bz0ZfjwZYylkHtaCavLa+r/Ynhk=
125,-31,M06THl60qpp/fbRV+l5+OLHJTMo=,bz0ZfjwZYylkHtaCavLa+r/Ynhk=
115,-24,M06THl60qpp/fbRV+l5+OLHJTMo=,bz0ZfjwZYylkHtaCavLa+r/Ynhk=
122,-22,M06THl60qpp/fbRV+l5+OLHJTMo=,bz0ZfjwZYylkHtaCavLa+r/Ynhk=
124,-22,M06THl60qpp/fbRV+l5+OLHJTMo=,bz0ZfjwZYylkHtaCavLa+r/Ynhk=
116,-24,M06THl60qpp/fbRV+l5+OLHJTMo=,bz0ZfjwZYylkHtaCavLa+r/Ynhk=
120,-22,M06THl60qpp/fbRV+l5+OLHJTMo=,bz0ZfjwZYylkHtaCavLa+r/Ynhk=
117,-24,M06THl60qpp/fbRV+l5+OLHJTMo=,bz0ZfjwZYylkHtaCavLa+r/Ynhk=
118,-22,M06THl60qpp/fbRV+l5+OLHJTMo=,bz0ZfjwZYylkHtaCavLa+r/Ynhk=
118,-24,M06THl60qpp/fbRV+l5+OLHJTMo=,bz0ZfjwZYylkHtaCavLa+r/Ynhk=
117,-22,M06THl60qpp/fbRV+l5+OLHJTMo=,bz0ZfjwZYylkHtaCavLa+r/Ynhk=
119,-22,M06THl60qpp/fbRV+l5+OLHJTMo=,bz0ZfjwZYylkHtaCavLa+r/Ynhk=
121,-22,M06THl60qpp/fbRV+l5+OLHJTMo=,bz0ZfjwZYylkHtaCavLa+r/Ynhk=
116,-22,M06THl60qpp/fbRV+l5+OLHJTMo=,bz0ZfjwZYylkHtaCavLa+r/Ynhk=
119,-24,M06THl60qpp/fbRV+l5+OLHJTMo=,bz0ZfjwZYylkHtaCavLa+r/Ynhk=
115,-22,M06THl60qpp/fbRV+l5+OLHJTMo=,bz0ZfjwZYylkHtaCavLa+r/Ynhk=
113,-22,M06THl60qpp/fbRV+l5+OLHJTMo=,bz0ZfjwZYylkHtaCavLa+r/Ynhk=
114,-22,M06THl60qpp/fbRV+l5+OLHJTMo=,bz0ZfjwZYylkHtaCavLa+r/Ynhk=
120,-24,M06THl60qpp/fbRV+l5+OLHJTMo=,bz0ZfjwZYylkHtaCavLa+r/Ynhk=
125,-30,M06THl60qpp/fbRV+l5+OLHJTMo=,bz0ZfjwZYylkHtaCavLa+r/Ynhk=
127,-23,M06THl60qpp/fbRV+l5+OLHJTMo=,bz0ZfjwZYylkHtaCavLa+r/Ynhk=
124,-32,M06THl60qpp/fbRV+l5+OLHJTMo=,bz0ZfjwZYylkHtaCavLa+r/Ynhk=
112,-22,M06THl60qpp/fbRV+l5+OLHJTMo=,bz0ZfjwZYylkHtaCavLa+r/Ynhk=
121,-24,M06THl60qpp/fbRV+l5+OLHJTMo=,bz0ZfjwZYylkHtaCavLa+r/Ynhk=
124,-31,M06THl60qpp/fbRV+l5+OLHJTMo=,bz0ZfjwZYylkHtaCavLa+r/Ynhk=
125,-23,M06THl60qpp/fbRV+l5+OLHJTMo=,bz0ZfjwZYylkHtaCavLa+r/Ynhk=
126,-23,M06THl60qpp/fbRV+l5+OLHJTMo=,bz0ZfjwZYylkHtaCavLa+r/Ynhk=
124,-23,M06THl60qpp/fbRV+l5+OLHJTMo=,bz0ZfjwZYylkHtaCavLa+r/Ynhk=
123,-23,M06THl60qpp/fbRV+l5+OLHJTMo=,bz0ZfjwZYylkHtaCavLa+r/Ynhk=
122,-24,M06THl60qpp/fbRV+l5+OLHJTMo=,bz0ZfjwZYylkHtaCavLa+r/Ynhk=
121,-23,M06THl60qpp/fbRV+l5+OLHJTMo=,bz0ZfjwZYylkHtaCavLa+r/Ynhk=
122,-23,M06THl60qpp/fbRV+l5+OLHJTMo=,bz0ZfjwZYylkHtaCavLa+r/Ynhk=
120,-23,M06THl60qpp/fbRV+l5+OLHJTMo=,bz0ZfjwZYylkHtaCavLa+r/Ynhk=
123,-24,M06THl60qpp/fbRV+l5+OLHJTMo=,bz0ZfjwZYylkHtaCavLa+r/Ynhk=
119,-23,M06THl60qpp/fbRV+l5+OLHJTMo=,bz0ZfjwZYylkHtaCavLa+r/Ynhk=
118,-23,M06THl60qpp/fbRV+l5+OLHJTMo=,bz0ZfjwZYylkHtaCavLa+r/Ynhk=
116,-23,M06THl60qpp/fbRV+l5+OLHJTMo=,bz0ZfjwZYylkHtaCavLa+r/Ynhk=
124,-24,M06THl60qpp/fbRV+l5+OLHJTMo=,bz0ZfjwZYylkHtaCavLa+r/Ynhk=
117,-23,M06THl60qpp/fbRV+l5+OLHJTMo=,bz0ZfjwZYylkHtaCavLa+r/Ynhk=
115,-23,M06THl60qpp/fbRV+l5+OLHJTMo=,bz0ZfjwZYylkHtaCavLa+r/Ynhk=
114,-23,M06THl60qpp/fbRV+l5+OLHJTMo=,bz0ZfjwZYylkHtaCavLa+r/Ynhk=
113,-23,M06THl60qpp/fbRV+l5+OLHJTMo=,bz0ZfjwZYylkHtaCavLa+r/Ynhk=
124,-30,M06THl60qpp/fbRV+l5+OLHJTMo=,bz0ZfjwZYylkHtaCavLa+r/Ynhk=
125,-24,M06THl60qpp/fbRV+l5+OLHJTMo=,bz0ZfjwZYylkHtaCavLa+r/Ynhk=
112,-23,M06THl60qpp/fbRV+l5+OLHJTMo=,bz0ZfjwZYylkHtaCavLa+r/Ynhk=
123,-32,M06THl60qpp/fbRV+l5+OLHJTMo=,bz0ZfjwZYylkHtaCavLa+r/Ynhk=
127,-24,M06THl60qpp/fbRV+l5+OLHJTMo=,bz0ZfjwZYylkHtaCavLa+r/Ynhk=
123,-31,M06THl60qpp/fbRV+l5+OLHJTMo=,bz0ZfjwZYylkHtaCavLa+r/Ynhk=
126,-24,M06THl60qpp/fbRV+l5+OLHJTMo=,bz0ZfjwZYylkHtaCavLa+r/Ynhk=
120,-21,M06THl60qpp/fbRV+l5+OLHJTMo=,bz0ZfjwZYylkHtaCavLa+r/Ynhk=
125,-18,M06THl60qpp/fbRV+l5+OLHJTMo=,bz0ZfjwZYylkHtaCavLa+r/Ynhk=
125,-21,M06THl60qpp/fbRV+l5+OLHJTMo=,bz0ZfjwZYylkHtaCavLa+r/Ynhk=
124,-20,M06THl60qpp/fbRV+l5+OLHJTMo=,bz0ZfjwZYylkHtaCavLa+r/Ynhk=
124,-21,M06THl60qpp/fbRV+l5+OLHJTMo=,bz0ZfjwZYylkHtaCavLa+r/Ynhk=
123,-22,M06THl60qpp/fbRV+l5+OLHJTMo=,bz0ZfjwZYylkHtaCavLa+r/Ynhk=
123,-19,M06THl60qpp/fbRV+l5+OLHJTMo=,bz0ZfjwZYylkHtaCavLa+r/Ynhk=
119,-20,M06THl60qpp/fbRV+l5+OLHJTMo=,bz0ZfjwZYylkHtaCavLa+r/Ynhk=
121,-19,M06THl60qpp/fbRV+l5+OLHJTMo=,bz0ZfjwZYylkHtaCavLa+r/Ynhk=
123,-18,M06THl60qpp/fbRV+l5+OLHJTMo=,bz0ZfjwZYylkHtaCavLa+r/Ynhk=
117,-20,M06THl60qpp/fbRV+l5+OLHJTMo=,bz0ZfjwZYylkHtaCavLa+r/Ynhk=
117,-19,M06THl60qpp/fbRV+l5+OLHJTMo=,bz0ZfjwZYylkHtaCavLa+r/Ynhk=
113,-17,M06THl60qpp/fbRV+l5+OLHJTMo=,bz0ZfjwZYylkHtaCavLa+r/Ynhk=
118,-20,M06THl60qpp/fbRV+l5+OLHJTMo=,bz0ZfjwZYylkHtaCavLa+r/Ynhk=
127,-21,M06THl60qpp/fbRV+l5+OLHJTMo=,bz0ZfjwZYylkHtaCavLa+r/Ynhk=
117,-18,M06THl60qpp/fbRV+l5+OLHJTMo=,bz0ZfjwZYylkHtaCavLa+r/Ynhk=
116,-18,M06THl60qpp/fbRV+l5+OLHJTMo=,bz0ZfjwZYylkHtaCavLa+r/Ynhk=
114,-20,M06THl60qpp/fbRV+l5+OLHJTMo=,bz0ZfjwZYylkHtaCavLa+r/Ynhk=
119,-18,M06THl60qpp/fbRV+l5+OLHJTMo=,bz0ZfjwZYylkHtaCavLa+r/Ynhk=
112,-19,M06THl60qpp/fbRV+l5+OLHJTMo=,bz0ZfjwZYylkHtaCavLa+r/Ynhk=
119,-19,M06THl60qpp/fbRV+l5+OLHJTMo=,bz0ZfjwZYylkHtaCavLa+r/Ynhk=
112,-18,M06THl60qpp/fbRV+l5+OLHJTMo=,bz0ZfjwZYylkHtaCavLa+r/Ynhk=
118,-19,M06THl60qpp/fbRV+l5+OLHJTMo=,bz0ZfjwZYylkHtaCavLa+r/Ynhk=
114,-18,M06THl60qpp/fbRV+l5+OLHJTMo=,bz0ZfjwZYylkHtaCavLa+r/Ynhk=
118,-18,M06THl60qpp/fbRV+l5+OLHJTMo=,bz0ZfjwZYylkHtaCavLa+r/Ynhk=
115,-18,M06THl60qpp/fbRV+l5+OLHJTMo=,bz0ZfjwZYylkHtaCavLa+r/Ynhk=
103,-29,IVF5Ui1IuorblyeKvnDn4een0wA=,SO5s9MH4JaPcpInlMusQF8QiLsM=
102,-29,IVF5Ui1IuorblyeKvnDn4een0wA=,SO5s9MH4JaPcpInlMusQF8QiLsM=
101,-32,IVF5Ui1IuorblyeKvnDn4een0wA=,SO5s9MH4JaPcpInlMusQF8QiLsM=
102,-30,IVF5Ui1IuorblyeKvnDn4een0wA=,SO5s9MH4JaPcpInlMusQF8QiLsM=
101,-30,IVF5Ui1IuorblyeKvnDn4een0wA=,SO5s9MH4JaPcpInlMusQF8QiLsM=
101,-29,IVF5Ui1IuorblyeKvnDn4een0wA=,SO5s9MH4JaPcpInlMusQF8QiLsM=
100,-29,IVF5Ui1IuorblyeKvnDn4een0wA=,SO5s9MH4JaPcpInlMusQF8QiLsM=
99,-32,IVF5Ui1IuorblyeKvnDn4een0wA=,SO5s9MH4JaPcpInlMusQF8QiLsM=
101,-31,IVF5Ui1IuorblyeKvnDn4een0wA=,SO5s9MH4JaPcpInlMusQF8QiLsM=
99,-29,IVF5Ui1IuorblyeKvnDn4een0wA=,SO5s9MH4JaPcpInlMusQF8QiLsM=
98,-29,IVF5Ui1IuorblyeKvnDn4een0wA=,SO5s9MH4JaPcpInlMusQF8QiLsM=
100,-31,IVF5Ui1IuorblyeKvnDn4een0wA=,SO5s9MH4JaPcpInlMusQF8QiLsM=
111,-17,IVF5Ui1IuorblyeKvnDn4een0wA=,SO5s9MH4JaPcpInlMusQF8QiLsM=
100,-30,IVF5Ui1IuorblyeKvnDn4een0wA=,SO5s9MH4JaPcpInlMusQF8QiLsM=
97,-32,IVF5Ui1IuorblyeKvnDn4een0wA=,SO5s9MH4JaPcpInlMusQF8QiLsM=
107,-17,IVF5Ui1IuorblyeKvnDn4een0wA=,SO5s9MH4JaPcpInlMusQF8QiLsM=
109,-17,IVF5Ui1IuorblyeKvnDn4een0wA=,SO5s9MH4JaPcpInlMusQF8QiLsM=
104,-17,IVF5Ui1IuorblyeKvnDn4een0wA=,SO5s9MH4JaPcpInlMusQF8QiLsM=
105,-17,IVF5Ui1IuorblyeKvnDn4een0wA=,SO5s9MH4JaPcpInlMusQF8QiLsM=
106,-17,IVF5Ui1IuorblyeKvnDn4een0wA=,SO5s9MH4JaPcpInlMusQF8QiLsM=
102,-17,IVF5Ui1IuorblyeKvnDn4een0wA=,SO5s9MH4JaPcpInlMusQF8QiLsM=
97,-17,IVF5Ui1IuorblyeKvnDn4een0wA=,SO5s9MH4JaPcpInlMusQF8QiLsM=
100,-32,IVF5Ui1IuorblyeKvnDn4een0wA=,SO5s9MH4JaPcpInlMusQF8QiLsM=
100,-17,IVF5Ui1IuorblyeKvnDn4een0wA=,SO5s9MH4JaPcpInlMusQF8QiLsM=
97,-29,IVF5Ui1IuorblyeKvnDn4een0wA=,SO5s9MH4JaPcpInlMusQF8QiLsM=
99,-30,IVF5Ui1IuorblyeKvnDn4een0wA=,SO5s9MH4JaPcpInlMusQF8QiLsM=
110,-18,IVF5Ui1IuorblyeKvnDn4een0wA=,SO5s9MH4JaPcpInlMusQF8QiLsM=
96,-27,IVF5Ui1IuorblyeKvnDn4een0wA=,SO5s9MH4JaPcpInlMusQF8QiLsM=
96,-28,IVF5Ui1IuorblyeKvnDn4een0wA=,SO5s9MH4JaPcpInlMusQF8QiLsM=
96,-32,IVF5Ui1IuorblyeKvnDn4een0wA=,SO5s9MH4JaPcpInlMusQF8QiLsM=
106,-18,IVF5Ui1IuorblyeKvnDn4een0wA=,SO5s9MH4JaPcpInlMusQF8QiLsM=
96,-25,IVF5Ui1IuorblyeKvnDn4een0wA=,SO5s9MH4JaPcpInlMusQF8QiLsM=
96,-26,IVF5Ui1IuorblyeKvnDn4een0wA=,SO5s9MH4JaPcpInlMusQF8QiLsM=
96,-24,IVF5Ui1IuorblyeKvnDn4een0wA=,SO5s9MH4JaPcpInlMusQF8QiLsM=
96,-23,IVF5Ui1IuorblyeKvnDn4een0wA=,SO5s9MH4JaPcpInlMusQF8QiLsM=
96,-22,IVF5Ui1IuorblyeKvnDn4een0wA=,SO5s9MH4JaPcpInlMusQF8QiLsM=
96,-21,IVF5Ui1IuorblyeKvnDn4een0wA=,SO5s9MH4JaPcpInlMusQF8QiLsM=
96,-30,IVF5Ui1IuorblyeKvnDn4een0wA=,SO5s9MH4JaPcpInlMusQF8QiLsM=
96,-29,IVF5Ui1IuorblyeKvnDn4een0wA=,SO5s9MH4JaPcpInlMusQF8QiLsM=
96,-31,IVF5Ui1IuorblyeKvnDn4een0wA=,SO5s9MH4JaPcpInlMusQF8QiLsM=
96,-20,IVF5Ui1IuorblyeKvnDn4een0wA=,SO5s9MH4JaPcpInlMusQF8QiLsM=
96,-19,IVF5Ui1IuorblyeKvnDn4een0wA=,SO5s9MH4JaPcpInlMusQF8QiLsM=
96,-18,IVF5Ui1IuorblyeKvnDn4een0wA=,SO5s9MH4JaPcpInlMusQF8QiLsM=
102,-18,IVF5Ui1IuorblyeKvnDn4een0wA=,SO5s9MH4JaPcpInlMusQF8QiLsM=
103,-18,IVF5Ui1IuorblyeKvnDn4een0wA=,SO5s9MH4JaPcpInlMusQF8QiLsM=
99,-18,IVF5Ui1IuorblyeKvnDn4een0wA=,SO5s9MH4JaPcpInlMusQF8QiLsM=
101,-18,IVF5Ui1IuorblyeKvnDn4een0wA=,SO5s9MH4JaPcpInlMusQF8QiLsM=
97,-18,IVF5Ui1IuorblyeKvnDn4een0wA=,SO5s9MH4JaPcpInlMusQF8QiLsM=
99,-31,IVF5Ui1IuorblyeKvnDn4een0wA=,SO5s9MH4JaPcpInlMusQF8QiLsM=
107,-19,IVF5Ui1IuorblyeKvnDn4een0wA=,SO5s9MH4JaPcpInlMusQF8QiLsM=
98,-30,IVF5Ui1IuorblyeKvnDn4een0wA=,SO5s9MH4JaPcpInlMusQF8QiLsM=
105,-19,IVF5Ui1IuorblyeKvnDn4een0wA=,SO5s9MH4JaPcpInlMusQF8QiLsM=
104,-19,IVF5Ui1IuorblyeKvnDn4een0wA=,SO5s9MH4JaPcpInlMusQF8QiLsM=
102,-19,IVF5Ui1IuorblyeKvnDn4een0wA=,SO5s9MH4JaPcpInlMusQF8QiLsM=
103,-19,IVF5Ui1IuorblyeKvnDn4een0wA=,SO5s9MH4JaPcpInlMusQF8QiLsM=
101,-19,IVF5Ui1IuorblyeKvnDn4een0wA=,SO5s9MH4JaPcpInlMusQF8QiLsM=
106,-19,IVF5Ui1IuorblyeKvnDn4een0wA=,SO5s9MH4JaPcpInlMusQF8QiLsM=
100,-19,IVF5Ui1IuorblyeKvnDn4een0wA=,SO5s9MH4JaPcpInlMusQF8QiLsM=
99,-19,IVF5Ui1IuorblyeKvnDn4een0wA=,SO5s9MH4JaPcpInlMusQF8QiLsM=
98,-19,IVF5Ui1IuorblyeKvnDn4een0wA=,SO5s9MH4JaPcpInlMusQF8QiLsM=
97,-19,IVF5Ui1IuorblyeKvnDn4een0wA=,SO5s9MH4JaPcpInlMusQF8QiLsM=
98,-31,IVF5Ui1IuorblyeKvnDn4een0wA=,SO5s9MH4JaPcpInlMusQF8QiLsM=
97,-30,IVF5Ui1IuorblyeKvnDn4een0wA=,SO5s9MH4JaPcpInlMusQF8QiLsM=
107,-20,IVF5Ui1IuorblyeKvnDn4een0wA=,SO5s9MH4JaPcpInlMusQF8QiLsM=
106,-20,IVF5Ui1IuorblyeKvnDn4een0wA=,SO5s9MH4JaPcpInlMusQF8QiLsM=
108,-20,IVF5Ui1IuorblyeKvnDn4een0wA=,SO5s9MH4JaPcpInlMusQF8QiLsM=
105,-20,IVF5Ui1IuorblyeKvnDn4een0wA=,SO5s9MH4JaPcpInlMusQF8QiLsM=
104,-20,IVF5Ui1IuorblyeKvnDn4een0wA=,SO5s9MH4JaPcpInlMusQF8QiLsM=
103,-20,IVF5Ui1IuorblyeKvnDn4een0wA=,SO5s9MH4JaPcpInlMusQF8QiLsM=
101,-20,IVF5Ui1IuorblyeKvnDn4een0wA=,SO5s9MH4JaPcpInlMusQF8QiLsM=
102,-20,IVF5Ui1IuorblyeKvnDn4een0wA=,SO5s9MH4JaPcpInlMusQF8QiLsM=
100,-20,IVF5Ui1IuorblyeKvnDn4een0wA=,SO5s9MH4JaPcpInlMusQF8QiLsM=
99,-20,IVF5Ui1IuorblyeKvnDn4een0wA=,SO5s9MH4JaPcpInlMusQF8QiLsM=
111,-32,IVF5Ui1IuorblyeKvnDn4een0wA=,SO5s9MH4JaPcpInlMusQF8QiLsM=
110,-32,IVF5Ui1IuorblyeKvnDn4een0wA=,SO5s9MH4JaPcpInlMusQF8QiLsM=
111,-30,IVF5Ui1IuorblyeKvnDn4een0wA=,SO5s9MH4JaPcpInlMusQF8QiLsM=
110,-31,IVF5Ui1IuorblyeKvnDn4een0wA=,SO5s9MH4JaPcpInlMusQF8QiLsM=
111,-31,IVF5Ui1IuorblyeKvnDn4een0wA=,SO5s9MH4JaPcpInlMusQF8QiLsM=
108,-21,IVF5Ui1IuorblyeKvnDn4een0wA=,SO5s9MH4JaPcpInlMusQF8QiLsM=
110,-21,IVF5Ui1IuorblyeKvnDn4een0wA=,SO5s9MH4JaPcpInlMusQF8QiLsM=
109,-21,IVF5Ui1IuorblyeKvnDn4een0wA=,SO5s9MH4JaPcpInlMusQF8QiLsM=
111,-21,IVF5Ui1IuorblyeKvnDn4een0wA=,SO5s9MH4JaPcpInlMusQF8QiLsM=
106,-21,IVF5Ui1IuorblyeKvnDn4een0wA=,SO5s9MH4JaPcpInlMusQF8QiLsM=
107,-21,IVF5Ui1IuorblyeKvnDn4een0wA=,SO5s9MH4JaPcpInlMusQF8QiLsM=
103,-21,IVF5Ui1IuorblyeKvnDn4een0wA=,SO5s9MH4JaPcpInlMusQF8QiLsM=
105,-21,IVF5Ui1IuorblyeKvnDn4een0wA=,SO5s9MH4JaPcpInlMusQF8QiLsM=
104,-21,IVF5Ui1IuorblyeKvnDn4een0wA=,SO5s9MH4JaPcpInlMusQF8QiLsM=
102,-21,IVF5Ui1IuorblyeKvnDn4een0wA=,SO5s9MH4JaPcpInlMusQF8QiLsM=
100,-21,IVF5Ui1IuorblyeKvnDn4een0wA=,SO5s9MH4JaPcpInlMusQF8QiLsM=
101,-21,IVF5Ui1IuorblyeKvnDn4een0wA=,SO5s9MH4JaPcpInlMusQF8QiLsM=
98,-21,IVF5Ui1IuorblyeKvnDn4een0wA=,SO5s9MH4JaPcpInlMusQF8QiLsM=
99,-21,IVF5Ui1IuorblyeKvnDn4een0wA=,SO5s9MH4JaPcpInlMusQF8QiLsM=
98,-20,IVF5Ui1IuorblyeKvnDn4een0wA=,SO5s9MH4JaPcpInlMusQF8QiLsM=
97,-21,IVF5Ui1IuorblyeKvnDn4een0wA=,SO5s9MH4JaPcpInlMusQF8QiLsM=
110,-30,IVF5Ui1IuorblyeKvnDn4een0wA=,SO5s9MH4JaPcpInlMusQF8QiLsM=
109,-32,IVF5Ui1IuorblyeKvnDn4een0wA=,SO5s9MH4JaPcpInlMusQF8QiLsM=
97,-20,IVF5Ui1IuorblyeKvnDn4een0wA=,SO5s9MH4JaPcpInlMusQF8QiLsM=
111,-22,IVF5Ui1IuorblyeKvnDn4een0wA=,SO5s9MH4JaPcpInlMusQF8QiLsM=
109,-31,IVF5Ui1IuorblyeKvnDn4een0wA=,SO5s9MH4JaPcpInlMusQF8QiLsM=
110,-22,IVF5Ui1IuorblyeKvnDn4een0wA=,SO5s9MH4JaPcpInlMusQF8QiLsM=
109,-22,IVF5Ui1IuorblyeKvnDn4een0wA=,SO5s9MH4JaPcpInlMusQF8QiLsM=
107,-22,IVF5Ui1IuorblyeKvnDn4een0wA=,SO5s9MH4JaPcpInlMusQF8QiLsM=
108,-22,IVF5Ui1IuorblyeKvnDn4een0wA=,SO5s9MH4JaPcpInlMusQF8QiLsM=
97,-31,IVF5Ui1IuorblyeKvnDn4een0wA=,SO5s9MH4JaPcpInlMusQF8QiLsM=
105,-22,IVF5Ui1IuorblyeKvnDn4een0wA=,SO5s9MH4JaPcpInlMusQF8QiLsM=
106,-22,IVF5Ui1IuorblyeKvnDn4een0wA=,SO5s9MH4JaPcpInlMusQF8QiLsM=
104,-22,IVF5Ui1IuorblyeKvnDn4een0wA=,SO5s9MH4JaPcpInlMusQF8QiLsM=
102,-22,IVF5Ui1IuorblyeKvnDn4een0wA=,SO5s9MH4JaPcpInlMusQF8QiLsM=
98,-32,IVF5Ui1IuorblyeKvnDn4een0wA=,SO5s9MH4JaPcpInlMusQF8QiLsM=
103,-22,IVF5Ui1IuorblyeKvnDn4een0wA=,SO5s9MH4JaPcpInlMusQF8QiLsM=
100,-22,IVF5Ui1IuorblyeKvnDn4een0wA=,SO5s9MH4JaPcpInlMusQF8QiLsM=
99,-22,IVF5Ui1IuorblyeKvnDn4een0wA=,SO5s9MH4JaPcpInlMusQF8QiLsM=
97,-22,IVF5Ui1IuorblyeKvnDn4een0wA=,SO5s9MH4JaPcpInlMusQF8QiLsM=
101,-22,IVF5Ui1IuorblyeKvnDn4een0wA=,SO5s9MH4JaPcpInlMusQF8QiLsM=
98,-22,IVF5Ui1IuorblyeKvnDn4een0wA=,SO5s9MH4JaPcpInlMusQF8QiLsM=
108,-32,IVF5Ui1IuorblyeKvnDn4een0wA=,SO5s9MH4JaPcpInlMusQF8QiLsM=
109,-30,IVF5Ui1IuorblyeKvnDn4een0wA=,SO5s9MH4JaPcpInlMusQF8QiLsM=
108,-31,IVF5Ui1IuorblyeKvnDn4een0wA=,SO5s9MH4JaPcpInlMusQF8QiLsM=
111,-23,IVF5Ui1IuorblyeKvnDn4een0wA=,SO5s9MH4JaPcpInlMusQF8QiLsM=
110,-23,IVF5Ui1IuorblyeKvnDn4een0wA=,SO5s9MH4JaPcpInlMusQF8QiLsM=
109,-23,IVF5Ui1IuorblyeKvnDn4een0wA=,SO5s9MH4JaPcpInlMusQF8QiLsM=
107,-23,IVF5Ui1IuorblyeKvnDn4een0wA=,SO5s9MH4JaPcpInlMusQF8QiLsM=
105,-23,IVF5Ui1IuorblyeKvnDn4een0wA=,SO5s9MH4JaPcpInlMusQF8QiLsM=
108,-23,IVF5Ui1IuorblyeKvnDn4een0wA=,SO5s9MH4JaPcpInlMusQF8QiLsM=
106,-23,IVF5Ui1IuorblyeKvnDn4een0wA=,SO5s9MH4JaPcpInlMusQF8QiLsM=
104,-23,IVF5Ui1IuorblyeKvnDn4een0wA=,SO5s9MH4JaPcpInlMusQF8QiLsM=
101,-23,IVF5Ui1IuorblyeKvnDn4een0wA=,SO5s9MH4JaPcpInlMusQF8QiLsM=
102,-23,IVF5Ui1IuorblyeKvnDn4een0wA=,SO5s9MH4JaPcpInlMusQF8QiLsM=
100,-23,IVF5Ui1IuorblyeKvnDn4een0wA=,SO5s9MH4JaPcpInlMusQF8QiLsM=
99,-23,IVF5Ui1IuorblyeKvnDn4een0wA=,SO5s9MH4JaPcpInlMusQF8QiLsM=
98,-23,IVF5Ui1IuorblyeKvnDn4een0wA=,SO5s9MH4JaPcpInlMusQF8QiLsM=
97,-23,IVF5Ui1IuorblyeKvnDn4een0wA=,SO5s9MH4JaPcpInlMusQF8QiLsM=
108,-30,IVF5Ui1IuorblyeKvnDn4een0wA=,SO5s9MH4JaPcpInlMusQF8QiLsM=
107,-32,IVF5Ui1IuorblyeKvnDn4een0wA=,SO5s9MH4JaPcpInlMusQF8QiLsM=
103,-23,IVF5Ui1IuorblyeKvnDn4een0wA=,SO5s9MH4JaPcpInlMusQF8QiLsM=
111,-24,IVF5Ui1IuorblyeKvnDn4een0wA=,SO5s9MH4JaPcpInlMusQF8QiLsM=
107,-31,IVF5Ui1IuorblyeKvnDn4een0wA=,SO5s9MH4JaPcpInlMusQF8QiLsM=
110,-24,IVF5Ui1IuorblyeKvnDn4een0wA=,SO5s9MH4JaPcpInlMusQF8QiLsM=
109,-24,IVF5Ui1IuorblyeKvnDn4een0wA=,SO5s9MH4JaPcpInlMusQF8QiLsM=
108,-24,IVF5Ui1IuorblyeKvnDn4een0wA=,SO5s9MH4JaPcpInlMusQF8QiLsM=
107,-24,IVF5Ui1IuorblyeKvnDn4een0wA=,SO5s9MH4JaPcpInlMusQF8QiLsM=
106,-24,IVF5Ui1IuorblyeKvnDn4een0wA=,SO5s9MH4JaPcpInlMusQF8QiLsM=
105,-24,IVF5Ui1IuorblyeKvnDn4een0wA=,SO5s9MH4JaPcpInlMusQF8QiLsM=
104,-24,IVF5Ui1IuorblyeKvnDn4een0wA=,SO5s9MH4JaPcpInlMusQF8QiLsM=
103,-24,IVF5Ui1IuorblyeKvnDn4een0wA=,SO5s9MH4JaPcpInlMusQF8QiLsM=
102,-24,IVF5Ui1IuorblyeKvnDn4een0wA=,SO5s9MH4JaPcpInlMusQF8QiLsM=
101,-24,IVF5Ui1IuorblyeKvnDn4een0wA=,SO5s9MH4JaPcpInlMusQF8QiLsM=
100,-24,IVF5Ui1IuorblyeKvnDn4een0wA=,SO5s9MH4JaPcpInlMusQF8QiLsM=
98,-24,IVF5Ui1IuorblyeKvnDn4een0wA=,SO5s9MH4JaPcpInlMusQF8QiLsM=
99,-24,IVF5Ui1IuorblyeKvnDn4een0wA=,SO5s9MH4JaPcpInlMusQF8QiLsM=
97,-24,IVF5Ui1IuorblyeKvnDn4een0wA=,SO5s9MH4JaPcpInlMusQF8QiLsM=
106,-32,IVF5Ui1IuorblyeKvnDn4een0wA=,SO5s9MH4JaPcpInlMusQF8QiLsM=
107,-30,IVF5Ui1IuorblyeKvnDn4een0wA=,SO5s9MH4JaPcpInlMusQF8QiLsM=
106,-31,IVF5Ui1IuorblyeKvnDn4een0wA=,SO5s9MH4JaPcpInlMusQF8QiLsM=
110,-25,IVF5Ui1IuorblyeKvnDn4een0wA=,SO5s9MH4JaPcpInlMusQF8QiLsM=
111,-25,IVF5Ui1IuorblyeKvnDn4een0wA=,SO5s9MH4JaPcpInlMusQF8QiLsM=
109,-25,IVF5Ui1IuorblyeKvnDn4een0wA=,SO5s9MH4JaPcpInlMusQF8QiLsM=
108,-25,IVF5Ui1IuorblyeKvnDn4een0wA=,SO5s9MH4JaPcpInlMusQF8QiLsM=
107,-25,IVF5Ui1IuorblyeKvnDn4een0wA=,SO5s9MH4JaPcpInlMusQF8QiLsM=
106,-25,IVF5Ui1IuorblyeKvnDn4een0wA=,SO5s9MH4JaPcpInlMusQF8QiLsM=
105,-25,IVF5Ui1IuorblyeKvnDn4een0wA=,SO5s9MH4JaPcpInlMusQF8QiLsM=
104,-25,IVF5Ui1IuorblyeKvnDn4een0wA=,SO5s9MH4JaPcpInlMusQF8QiLsM=
103,-25,IVF5Ui1IuorblyeKvnDn4een0wA=,SO5s9MH4JaPcpInlMusQF8QiLsM=
101,-25,IVF5Ui1IuorblyeKvnDn4een0wA=,SO5s9MH4JaPcpInlMusQF8QiLsM=
100,-25,IVF5Ui1IuorblyeKvnDn4een0wA=,SO5s9MH4JaPcpInlMusQF8QiLsM=
102,-25,IVF5Ui1IuorblyeKvnDn4een0wA=,SO5s9MH4JaPcpInlMusQF8QiLsM=
99,-25,IVF5Ui1IuorblyeKvnDn4een0wA=,SO5s9MH4JaPcpInlMusQF8QiLsM=
98,-25,IVF5Ui1IuorblyeKvnDn4een0wA=,SO5s9MH4JaPcpInlMusQF8QiLsM=
97,-25,IVF5Ui1IuorblyeKvnDn4een0wA=,SO5s9MH4JaPcpInlMusQF8QiLsM=
105,-32,IVF5Ui1IuorblyeKvnDn4een0wA=,SO5s9MH4JaPcpInlMusQF8QiLsM=
106,-30,IVF5Ui1IuorblyeKvnDn4een0wA=,SO5s9MH4JaPcpInlMusQF8QiLsM=
105,-31,IVF5Ui1IuorblyeKvnDn4een0wA=,SO5s9MH4JaPcpInlMusQF8QiLsM=
111,-26,IVF5Ui1IuorblyeKvnDn4een0wA=,SO5s9MH4JaPcpInlMusQF8QiLsM=
110,-26,IVF5Ui1IuorblyeKvnDn4een0wA=,SO5s9MH4JaPcpInlMusQF8QiLsM=
109,-26,IVF5Ui1IuorblyeKvnDn4een0wA=,SO5s9MH4JaPcpInlMusQF8QiLsM=
107,-26,IVF5Ui1IuorblyeKvnDn4een0wA=,SO5s9MH4JaPcpInlMusQF8QiLsM=
106,-26,IVF5Ui1IuorblyeKvnDn4een0wA=,SO5s9MH4JaPcpInlMusQF8QiLsM=
108,-26,IVF5Ui1IuorblyeKvnDn4een0wA=,SO5s9MH4JaPcpInlMusQF8QiLsM=
105,-26,IVF5Ui1IuorblyeKvnDn4een0wA=,SO5s9MH4JaPcpInlMusQF8QiLsM=
103,-26,IVF5Ui1IuorblyeKvnDn4een0wA=,SO5s9MH4JaPcpInlMusQF8QiLsM=
102,-26,IVF5Ui1IuorblyeKvnDn4een0wA=,SO5s9MH4JaPcpInlMusQF8QiLsM=
104,-26,IVF5Ui1IuorblyeKvnDn4een0wA=,SO5s9MH4JaPcpInlMusQF8QiLsM=
101,-26,IVF5Ui1IuorblyeKvnDn4een0wA=,SO5s9MH4JaPcpInlMusQF8QiLsM=
99,-26,IVF5Ui1IuorblyeKvnDn4een0wA=,SO5s9MH4JaPcpInlMusQF8QiLsM=
100,-26,IVF5Ui1IuorblyeKvnDn4een0wA=,SO5s9MH4JaPcpInlMusQF8QiLsM=
98,-26,IVF5Ui1IuorblyeKvnDn4een0wA=,SO5s9MH4JaPcpInlMusQF8QiLsM=
104,-32,IVF5Ui1IuorblyeKvnDn4een0wA=,SO5s9MH4JaPcpInlMusQF8QiLsM=
97,-26,IVF5Ui1IuorblyeKvnDn4een0wA=,SO5s9MH4JaPcpInlMusQF8QiLsM=
104,-31,IVF5Ui1IuorblyeKvnDn4een0wA=,SO5s9MH4JaPcpInlMusQF8QiLsM=
105,-30,IVF5Ui1IuorblyeKvnDn4een0wA=,SO5s9MH4JaPcpInlMusQF8QiLsM=
111,-27,IVF5Ui1IuorblyeKvnDn4een0wA=,SO5s9MH4JaPcpInlMusQF8QiLsM=
110,-27,IVF5Ui1IuorblyeKvnDn4een0wA=,SO5s9MH4JaPcpInlMusQF8QiLsM=
109,-27,IVF5Ui1IuorblyeKvnDn4een0wA=,SO5s9MH4JaPcpInlMusQF8QiLsM=
107,-27,IVF5Ui1IuorblyeKvnDn4een0wA=,SO5s9MH4JaPcpInlMusQF8QiLsM=
108,-27,IVF5Ui1IuorblyeKvnDn4een0wA=,SO5s9MH4JaPcpInlMusQF8QiLsM=
106,-27,IVF5Ui1IuorblyeKvnDn4een0wA=,SO5s9MH4JaPcpInlMusQF8QiLsM=
105,-27,IVF5Ui1IuorblyeKvnDn4een0wA=,SO5s9MH4JaPcpInlMusQF8QiLsM=
104,-27,IVF5Ui1IuorblyeKvnDn4een0wA=,SO5s9MH4JaPcpInlMusQF8QiLsM=
103,-27,IVF5Ui1IuorblyeKvnDn4een0wA=,SO5s9MH4JaPcpInlMusQF8QiLsM=
101,-27,IVF5Ui1IuorblyeKvnDn4een0wA=,SO5s9MH4JaPcpInlMusQF8QiLsM=
100,-27,IVF5Ui1IuorblyeKvnDn4een0wA=,SO5s9MH4JaPcpInlMusQF8QiLsM=
102,-27,IVF5Ui1IuorblyeKvnDn4een0wA=,SO5s9MH4JaPcpInlMusQF8QiLsM=
99,-27,IVF5Ui1IuorblyeKvnDn4een0wA=,SO5s9MH4JaPcpInlMusQF8QiLsM=
97,-27,IVF5Ui1IuorblyeKvnDn4een0wA=,SO5s9MH4JaPcpInlMusQF8QiLsM=
98,-27,IVF5Ui1IuorblyeKvnDn4een0wA=,SO5s9MH4JaPcpInlMusQF8QiLsM=
103,-32,IVF5Ui1IuorblyeKvnDn4een0wA=,SO5s9MH4JaPcpInlMusQF8QiLsM=
104,-30,IVF5Ui1IuorblyeKvnDn4een0wA=,SO5s9MH4JaPcpInlMusQF8QiLsM=
103,-31,IVF5Ui1IuorblyeKvnDn4een0wA=,SO5s9MH4JaPcpInlMusQF8QiLsM=
111,-28,IVF5Ui1IuorblyeKvnDn4een0wA=,SO5s9MH4JaPcpInlMusQF8QiLsM=
110,-28,IVF5Ui1IuorblyeKvnDn4een0wA=,SO5s9MH4JaPcpInlMusQF8QiLsM=
108,-28,IVF5Ui1IuorblyeKvnDn4een0wA=,SO5s9MH4JaPcpInlMusQF8QiLsM=
109,-28,IVF5Ui1IuorblyeKvnDn4een0wA=,SO5s9MH4JaPcpInlMusQF8QiLsM=
106,-28,IVF5Ui1IuorblyeKvnDn4een0wA=,SO5s9MH4JaPcpInlMusQF8QiLsM=
107,-28,IVF5Ui1IuorblyeKvnDn4een0wA=,SO5s9MH4JaPcpInlMusQF8QiLsM=
105,-28,IVF5Ui1IuorblyeKvnDn4een0wA=,SO5s9MH4JaPcpInlMusQF8QiLsM=
104,-28,IVF5Ui1IuorblyeKvnDn4een0wA=,SO5s9MH4JaPcpInlMusQF8QiLsM=
102,-28,IVF5Ui1IuorblyeKvnDn4een0wA=,SO5s9MH4JaPcpInlMusQF8QiLsM=
101,-28,IVF5Ui1IuorblyeKvnDn4een0wA=,SO5s9MH4JaPcpInlMusQF8QiLsM=
103,-28,IVF5Ui1IuorblyeKvnDn4een0wA=,SO5s9MH4JaPcpInlMusQF8QiLsM=
100,-28,IVF5Ui1IuorblyeKvnDn4een0wA=,SO5s9MH4JaPcpInlMusQF8QiLsM=
99,-28,IVF5Ui1IuorblyeKvnDn4een0wA=,SO5s9MH4JaPcpInlMusQF8QiLsM=
98,-28,IVF5Ui1IuorblyeKvnDn4een0wA=,SO5s9MH4JaPcpInlMusQF8QiLsM=
97,-28,IVF5Ui1IuorblyeKvnDn4een0wA=,SO5s9MH4JaPcpInlMusQF8QiLsM=
103,-30,IVF5Ui1IuorblyeKvnDn4een0wA=,SO5s9MH4JaPcpInlMusQF8QiLsM=
102,-32,IVF5Ui1IuorblyeKvnDn4een0wA=,SO5s9MH4JaPcpInlMusQF8QiLsM=
102,-31,IVF5Ui1IuorblyeKvnDn4een0wA=,SO5s9MH4JaPcpInlMusQF8QiLsM=
111,-29,IVF5Ui1IuorblyeKvnDn4een0wA=,SO5s9MH4JaPcpInlMusQF8QiLsM=
110,-29,IVF5Ui1IuorblyeKvnDn4een0wA=,SO5s9MH4JaPcpInlMusQF8QiLsM=
108,-29,IVF5Ui1IuorblyeKvnDn4een0wA=,SO5s9MH4JaPcpInlMusQF8QiLsM=
109,-29,IVF5Ui1IuorblyeKvnDn4een0wA=,SO5s9MH4JaPcpInlMusQF8QiLsM=
107,-29,IVF5Ui1IuorblyeKvnDn4een0wA=,SO5s9MH4JaPcpInlMusQF8QiLsM=
106,-29,IVF5Ui1IuorblyeKvnDn4een0wA=,SO5s9MH4JaPcpInlMusQF8QiLsM=
105,-29,IVF5Ui1IuorblyeKvnDn4een0wA=,SO5s9MH4JaPcpInlMusQF8QiLsM=
104,-29,IVF5Ui1IuorblyeKvnDn4een0wA=,SO5s9MH4JaPcpInlMusQF8QiLsM=
109,-18,IVF5Ui1IuorblyeKvnDn4een0wA=,SO5s9MH4JaPcpInlMusQF8QiLsM=
108,-17,IVF5Ui1IuorblyeKvnDn4een0wA=,SO5s9MH4JaPcpInlMusQF8QiLsM=
105,-18,IVF5Ui1IuorblyeKvnDn4een0wA=,SO5s9MH4JaPcpInlMusQF8QiLsM=
110,-17,IVF5Ui1IuorblyeKvnDn4een0wA=,SO5s9MH4JaPcpInlMusQF8QiLsM=
108,-19,IVF5Ui1IuorblyeKvnDn4een0wA=,SO5s9MH4JaPcpInlMusQF8QiLsM=
109,-20,IVF5Ui1IuorblyeKvnDn4een0wA=,SO5s9MH4JaPcpInlMusQF8QiLsM=
108,-18,IVF5Ui1IuorblyeKvnDn4een0wA=,SO5s9MH4JaPcpInlMusQF8QiLsM=
107,-18,IVF5Ui1IuorblyeKvnDn4een0wA=,SO5s9MH4JaPcpInlMusQF8QiLsM=
110,-19,IVF5Ui1IuorblyeKvnDn4een0wA=,SO5s9MH4JaPcpInlMusQF8QiLsM=
110,-20,IVF5Ui1IuorblyeKvnDn4een0wA=,SO5s9MH4JaPcpInlMusQF8QiLsM=
109,-19,IVF5Ui1IuorblyeKvnDn4een0wA=,SO5s9MH4JaPcpInlMusQF8QiLsM=
111,-18,IVF5Ui1IuorblyeKvnDn4een0wA=,SO5s9MH4JaPcpInlMusQF8QiLsM=
111,-20,IVF5Ui1IuorblyeKvnDn4een0wA=,SO5s9MH4JaPcpInlMusQF8QiLsM=
96,-17,IVF5Ui1IuorblyeKvnDn4een0wA=,SO5s9MH4JaPcpInlMusQF8QiLsM=
104,-18,IVF5Ui1IuorblyeKvnDn4een0wA=,SO5s9MH4JaPcpInlMusQF8QiLsM=
103,-17,IVF5Ui1IuorblyeKvnDn4een0wA=,SO5s9MH4JaPcpInlMusQF8QiLsM=
111,-19,IVF5Ui1IuorblyeKvnDn4een0wA=,SO5s9MH4JaPcpInlMusQF8QiLsM=
98,-18,IVF5Ui1IuorblyeKvnDn4een0wA=,SO5s9MH4JaPcpInlMusQF8QiLsM=
100,-18,IVF5Ui1IuorblyeKvnDn4een0wA=,SO5s9MH4JaPcpInlMusQF8QiLsM=
98,-17,IVF5Ui1IuorblyeKvnDn4een0wA=,SO5s9MH4JaPcpInlMusQF8QiLsM=
99,-17,IVF5Ui1IuorblyeKvnDn4een0wA=,SO5s9MH4JaPcpInlMusQF8QiLsM=
101,-17,IVF5Ui1IuorblyeKvnDn4een0wA=,SO5s9MH4JaPcpInlMusQF8QiLsM=
102,-13,IVF5Ui1IuorblyeKvnDn4een0wA=,Rs+acpAfQE+/e8EBPXYHaLflaZc=
103,-13,IVF5Ui1IuorblyeKvnDn4een0wA=,Rs+acpAfQE+/e8EBPXYHaLflaZc=
102,-14,IVF5Ui1IuorblyeKvnDn4een0wA=,Rs+acpAfQE+/e8EBPXYHaLflaZc=
101,-13,IVF5Ui1IuorblyeKvnDn4een0wA=,Rs+acpAfQE+/e8EBPXYHaLflaZc=
104,-13,IVF5Ui1IuorblyeKvnDn4een0wA=,Rs+acpAfQE+/e8EBPXYHaLflaZc=
105,-13,IVF5Ui1IuorblyeKvnDn4een0wA=,Rs+acpAfQE+/e8EBPXYHaLflaZc=
100,-13,IVF5Ui1IuorblyeKvnDn4een0wA=,Rs+acpAfQE+/e8EBPXYHaLflaZc=
106,-13,IVF5Ui1IuorblyeKvnDn4een0wA=,Rs+acpAfQE+/e8EBPXYHaLflaZc=
99,-13,IVF5Ui1IuorblyeKvnDn4een0wA=,Rs+acpAfQE+/e8EBPXYHaLflaZc=
107,-13,IVF5Ui1IuorblyeKvnDn4een0wA=,Rs+acpAfQE+/e8EBPXYHaLflaZc=
108,-13,IVF5Ui1IuorblyeKvnDn4een0wA=,Rs+acpAfQE+/e8EBPXYHaLflaZc=
109,-13,IVF5Ui1IuorblyeKvnDn4een0wA=,Rs+acpAfQE+/e8EBPXYHaLflaZc=
110,-13,IVF5Ui1IuorblyeKvnDn4een0wA=,Rs+acpAfQE+/e8EBPXYHaLflaZc=
111,-13,IVF5Ui1IuorblyeKvnDn4een0wA=,Rs+acpAfQE+/e8EBPXYHaLflaZc=
100,-15,IVF5Ui1IuorblyeKvnDn4een0wA=,Rs+acpAfQE+/e8EBPXYHaLflaZc=
98,-13,IVF5Ui1IuorblyeKvnDn4een0wA=,Rs+acpAfQE+/e8EBPXYHaLflaZc=
100,-14,8FTIVYuwzMQxacJRCEpfIzWmv84=,Rs+acpAfQE+/e8EBPXYHaLflaZc=
101,-1,8FTIVYuwzMQxacJRCEpfIzWmv84=,Rs+acpAfQE+/e8EBPXYHaLflaZc=
99,-1,8FTIVYuwzMQxacJRCEpfIzWmv84=,Rs+acpAfQE+/e8EBPXYHaLflaZc=
100,-1,8FTIVYuwzMQxacJRCEpfIzWmv84=,Rs+acpAfQE+/e8EBPXYHaLflaZc=
98,-1,8FTIVYuwzMQxacJRCEpfIzWmv84=,Rs+acpAfQE+/e8EBPXYHaLflaZc=
97,-13,8FTIVYuwzMQxacJRCEpfIzWmv84=,Rs+acpAfQE+/e8EBPXYHaLflaZc=
99,-14,8FTIVYuwzMQxacJRCEpfIzWmv84=,Rs+acpAfQE+/e8EBPXYHaLflaZc=
97,-1,8FTIVYuwzMQxacJRCEpfIzWmv84=,Rs+acpAfQE+/e8EBPXYHaLflaZc=
96,-1,8FTIVYuwzMQxacJRCEpfIzWmv84=,Rs+acpAfQE+/e8EBPXYHaLflaZc=
100,-2,8FTIVYuwzMQxacJRCEpfIzWmv84=,Rs+acpAfQE+/e8EBPXYHaLflaZc=
98,-2,8FTIVYuwzMQxacJRCEpfIzWmv84=,Rs+acpAfQE+/e8EBPXYHaLflaZc=
99,-2,8FTIVYuwzMQxacJRCEpfIzWmv84=,Rs+acpAfQE+/e8EBPXYHaLflaZc=
97,-2,8FTIVYuwzMQxacJRCEpfIzWmv84=,Rs+acpAfQE+/e8EBPXYHaLflaZc=
96,-2,8FTIVYuwzMQxacJRCEpfIzWmv84=,Rs+acpAfQE+/e8EBPXYHaLflaZc=
98,-14,8FTIVYuwzMQxacJRCEpfIzWmv84=,Rs+acpAfQE+/e8EBPXYHaLflaZc=
102,-15,8FTIVYuwzMQxacJRCEpfIzWmv84=,Rs+acpAfQE+/e8EBPXYHaLflaZc=
103,-14,8FTIVYuwzMQxacJRCEpfIzWmv84=,Rs+acpAfQE+/e8EBPXYHaLflaZc=
96,-12,8FTIVYuwzMQxacJRCEpfIzWmv84=,Rs+acpAfQE+/e8EBPXYHaLflaZc=
102,-16,8FTIVYuwzMQxacJRCEpfIzWmv84=,Rs+acpAfQE+/e8EBPXYHaLflaZc=
97,-12,8FTIVYuwzMQxacJRCEpfIzWmv84=,Rs+acpAfQE+/e8EBPXYHaLflaZc=
98,-12,8FTIVYuwzMQxacJRCEpfIzWmv84=,Rs+acpAfQE+/e8EBPXYHaLflaZc=
100,-12,8FTIVYuwzMQxacJRCEpfIzWmv84=,Rs+acpAfQE+/e8EBPXYHaLflaZc=
99,-12,8FTIVYuwzMQxacJRCEpfIzWmv84=,Rs+acpAfQE+/e8EBPXYHaLflaZc=
101,-12,8FTIVYuwzMQxacJRCEpfIzWmv84=,Rs+acpAfQE+/e8EBPXYHaLflaZc=
102,-12,8FTIVYuwzMQxacJRCEpfIzWmv84=,Rs+acpAfQE+/e8EBPXYHaLflaZc=
96,-16,8FTIVYuwzMQxacJRCEpfIzWmv84=,Rs+acpAfQE+/e8EBPXYHaLflaZc=
103,-12,8FTIVYuwzMQxacJRCEpfIzWmv84=,Rs+acpAfQE+/e8EBPXYHaLflaZc=
104,-12,8FTIVYuwzMQxacJRCEpfIzWmv84=,Rs+acpAfQE+/e8EBPXYHaLflaZc=
105,-12,8FTIVYuwzMQxacJRCEpfIzWmv84=,Rs+acpAfQE+/e8EBPXYHaLflaZc=
106,-12,8FTIVYuwzMQxacJRCEpfIzWmv84=,Rs+acpAfQE+/e8EBPXYHaLflaZc=
108,-12,8FTIVYuwzMQxacJRCEpfIzWmv84=,Rs+acpAfQE+/e8EBPXYHaLflaZc=
107,-12,8FTIVYuwzMQxacJRCEpfIzWmv84=,Rs+acpAfQE+/e8EBPXYHaLflaZc=
109,-12,8FTIVYuwzMQxacJRCEpfIzWmv84=,Rs+acpAfQE+/e8EBPXYHaLflaZc=
110,-12,8FTIVYuwzMQxacJRCEpfIzWmv84=,Rs+acpAfQE+/e8EBPXYHaLflaZc=
105,-2,8FTIVYuwzMQxacJRCEpfIzWmv84=,Rs+acpAfQE+/e8EBPXYHaLflaZc=
111,-12,8FTIVYuwzMQxacJRCEpfIzWmv84=,Rs+acpAfQE+/e8EBPXYHaLflaZc=
104,-14,8FTIVYuwzMQxacJRCEpfIzWmv84=,Rs+acpAfQE+/e8EBPXYHaLflaZc=
96,-11,8FTIVYuwzMQxacJRCEpfIzWmv84=,Rs+acpAfQE+/e8EBPXYHaLflaZc=
103,-15,8FTIVYuwzMQxacJRCEpfIzWmv84=,Rs+acpAfQE+/e8EBPXYHaLflaZc=
101,-14,8FTIVYuwzMQxacJRCEpfIzWmv84=,Rs+acpAfQE+/e8EBPXYHaLflaZc=
106,-3,8FTIVYuwzMQxacJRCEpfIzWmv84=,Rs+acpAfQE+/e8EBPXYHaLflaZc=
101,-16,8FTIVYuwzMQxacJRCEpfIzWmv84=,Rs+acpAfQE+/e8EBPXYHaLflaZc=
105,-3,8FTIVYuwzMQxacJRCEpfIzWmv84=,Rs+acpAfQE+/e8EBPXYHaLflaZc=
104,-3,8FTIVYuwzMQxacJRCEpfIzWmv84=,Rs+acpAfQE+/e8EBPXYHaLflaZc=
103,-3,8FTIVYuwzMQxacJRCEpfIzWmv84=,Rs+acpAfQE+/e8EBPXYHaLflaZc=
101,-2,8FTIVYuwzMQxacJRCEpfIzWmv84=,Rs+acpAfQE+/e8EBPXYHaLflaZc=
101,-3,8FTIVYuwzMQxacJRCEpfIzWmv84=,Rs+acpAfQE+/e8EBPXYHaLflaZc=
100,-3,8FTIVYuwzMQxacJRCEpfIzWmv84=,Rs+acpAfQE+/e8EBPXYHaLflaZc=
99,-3,8FTIVYuwzMQxacJRCEpfIzWmv84=,Rs+acpAfQE+/e8EBPXYHaLflaZc=
98,-3,8FTIVYuwzMQxacJRCEpfIzWmv84=,Rs+acpAfQE+/e8EBPXYHaLflaZc=
107,-3,8FTIVYuwzMQxacJRCEpfIzWmv84=,Rs+acpAfQE+/e8EBPXYHaLflaZc=
101,-15,8FTIVYuwzMQxacJRCEpfIzWmv84=,Rs+acpAfQE+/e8EBPXYHaLflaZc=
111,-1,8FTIVYuwzMQxacJRCEpfIzWmv84=,Rs+acpAfQE+/e8EBPXYHaLflaZc=
106,-2,8FTIVYuwzMQxacJRCEpfIzWmv84=,Rs+acpAfQE+/e8EBPXYHaLflaZc=
109,-2,8FTIVYuwzMQxacJRCEpfIzWmv84=,Rs+acpAfQE+/e8EBPXYHaLflaZc=
107,-4,8FTIVYuwzMQxacJRCEpfIzWmv84=,Rs+acpAfQE+/e8EBPXYHaLflaZc=
100,-16,8FTIVYuwzMQxacJRCEpfIzWmv84=,Rs+acpAfQE+/e8EBPXYHaLflaZc=
97,-11,8FTIVYuwzMQxacJRCEpfIzWmv84=,Rs+acpAfQE+/e8EBPXYHaLflaZc=
97,-14,8FTIVYuwzMQxacJRCEpfIzWmv84=,Rs+acpAfQE+/e8EBPXYHaLflaZc=
103,-16,8FTIVYuwzMQxacJRCEpfIzWmv84=,Rs+acpAfQE+/e8EBPXYHaLflaZc=
99,-11,8FTIVYuwzMQxacJRCEpfIzWmv84=,Rs+acpAfQE+/e8EBPXYHaLflaZc=
100,-11,8FTIVYuwzMQxacJRCEpfIzWmv84=,Rs+acpAfQE+/e8EBPXYHaLflaZc=
98,-11,8FTIVYuwzMQxacJRCEpfIzWmv84=,Rs+acpAfQE+/e8EBPXYHaLflaZc=
101,-11,8FTIVYuwzMQxacJRCEpfIzWmv84=,Rs+acpAfQE+/e8EBPXYHaLflaZc=
102,-11,8FTIVYuwzMQxacJRCEpfIzWmv84=,Rs+acpAfQE+/e8EBPXYHaLflaZc=
104,-11,8FTIVYuwzMQxacJRCEpfIzWmv84=,Rs+acpAfQE+/e8EBPXYHaLflaZc=
103,-11,8FTIVYuwzMQxacJRCEpfIzWmv84=,Rs+acpAfQE+/e8EBPXYHaLflaZc=
105,-11,8FTIVYuwzMQxacJRCEpfIzWmv84=,Rs+acpAfQE+/e8EBPXYHaLflaZc=
106,-11,8FTIVYuwzMQxacJRCEpfIzWmv84=,Rs+acpAfQE+/e8EBPXYHaLflaZc=
107,-11,8FTIVYuwzMQxacJRCEpfIzWmv84=,Rs+acpAfQE+/e8EBPXYHaLflaZc=
108,-11,8FTIVYuwzMQxacJRCEpfIzWmv84=,Rs+acpAfQE+/e8EBPXYHaLflaZc=
109,-11,8FTIVYuwzMQxacJRCEpfIzWmv84=,Rs+acpAfQE+/e8EBPXYHaLflaZc=
104,-15,8FTIVYuwzMQxacJRCEpfIzWmv84=,Rs+acpAfQE+/e8EBPXYHaLflaZc=
110,-11,8FTIVYuwzMQxacJRCEpfIzWmv84=,Rs+acpAfQE+/e8EBPXYHaLflaZc=
104,-16,8FTIVYuwzMQxacJRCEpfIzWmv84=,Rs+acpAfQE+/e8EBPXYHaLflaZc=
111,-11,8FTIVYuwzMQxacJRCEpfIzWmv84=,Rs+acpAfQE+/e8EBPXYHaLflaZc=
108,-4,8FTIVYuwzMQxacJRCEpfIzWmv84=,Rs+acpAfQE+/e8EBPXYHaLflaZc=
96,-3,8FTIVYuwzMQxacJRCEpfIzWmv84=,Rs+acpAfQE+/e8EBPXYHaLflaZc=
102,-4,8FTIVYuwzMQxacJRCEpfIzWmv84=,Rs+acpAfQE+/e8EBPXYHaLflaZc=
101,-4,8FTIVYuwzMQxacJRCEpfIzWmv84=,Rs+acpAfQE+/e8EBPXYHaLflaZc=
106,-4,8FTIVYuwzMQxacJRCEpfIzWmv84=,Rs+acpAfQE+/e8EBPXYHaLflaZc=
109,-4,8FTIVYuwzMQxacJRCEpfIzWmv84=,Rs+acpAfQE+/e8EBPXYHaLflaZc=
104,-4,8FTIVYuwzMQxacJRCEpfIzWmv84=,Rs+acpAfQE+/e8EBPXYHaLflaZc=
108,-3,8FTIVYuwzMQxacJRCEpfIzWmv84=,Rs+acpAfQE+/e8EBPXYHaLflaZc=
97,-15,8FTIVYuwzMQxacJRCEpfIzWmv84=,Rs+acpAfQE+/e8EBPXYHaLflaZc=
96,-15,8FTIVYuwzMQxacJRCEpfIzWmv84=,Rs+acpAfQE+/e8EBPXYHaLflaZc=
96,-13,8FTIVYuwzMQxacJRCEpfIzWmv84=,Rs+acpAfQE+/e8EBPXYHaLflaZc=
109,-3,8FTIVYuwzMQxacJRCEpfIzWmv84=,Rs+acpAfQE+/e8EBPXYHaLflaZc=
111,-2,8FTIVYuwzMQxacJRCEpfIzWmv84=,Rs+acpAfQE+/e8EBPXYHaLflaZc=
102,-2,8FTIVYuwzMQxacJRCEpfIzWmv84=,Rs+acpAfQE+/e8EBPXYHaLflaZc=
100,-4,8FTIVYuwzMQxacJRCEpfIzWmv84=,Rs+acpAfQE+/e8EBPXYHaLflaZc=
105,-4,8FTIVYuwzMQxacJRCEpfIzWmv84=,Rs+acpAfQE+/e8EBPXYHaLflaZc=
103,-4,8FTIVYuwzMQxacJRCEpfIzWmv84=,Rs+acpAfQE+/e8EBPXYHaLflaZc=
108,-2,8FTIVYuwzMQxacJRCEpfIzWmv84=,Rs+acpAfQE+/e8EBPXYHaLflaZc=
98,-16,8FTIVYuwzMQxacJRCEpfIzWmv84=,Rs+acpAfQE+/e8EBPXYHaLflaZc=
110,-2,8FTIVYuwzMQxacJRCEpfIzWmv84=,Rs+acpAfQE+/e8EBPXYHaLflaZc=
111,-14,8FTIVYuwzMQxacJRCEpfIzWmv84=,Rs+acpAfQE+/e8EBPXYHaLflaZc=
111,-15,8FTIVYuwzMQxacJRCEpfIzWmv84=,Rs+acpAfQE+/e8EBPXYHaLflaZc=
110,-1,8FTIVYuwzMQxacJRCEpfIzWmv84=,Rs+acpAfQE+/e8EBPXYHaLflaZc=
110,-15,8FTIVYuwzMQxacJRCEpfIzWmv84=,Rs+acpAfQE+/e8EBPXYHaLflaZc=
109,-1,8FTIVYuwzMQxacJRCEpfIzWmv84=,Rs+acpAfQE+/e8EBPXYHaLflaZc=
104,-2,8FTIVYuwzMQxacJRCEpfIzWmv84=,Rs+acpAfQE+/e8EBPXYHaLflaZc=
108,-5,8FTIVYuwzMQxacJRCEpfIzWmv84=,Rs+acpAfQE+/e8EBPXYHaLflaZc=
107,-5,8FTIVYuwzMQxacJRCEpfIzWmv84=,Rs+acpAfQE+/e8EBPXYHaLflaZc=
102,-3,8FTIVYuwzMQxacJRCEpfIzWmv84=,Rs+acpAfQE+/e8EBPXYHaLflaZc=
111,-3,8FTIVYuwzMQxacJRCEpfIzWmv84=,Rs+acpAfQE+/e8EBPXYHaLflaZc=
104,-1,8FTIVYuwzMQxacJRCEpfIzWmv84=,Rs+acpAfQE+/e8EBPXYHaLflaZc=
98,-15,8FTIVYuwzMQxacJRCEpfIzWmv84=,Rs+acpAfQE+/e8EBPXYHaLflaZc=
99,-15,8FTIVYuwzMQxacJRCEpfIzWmv84=,Rs+acpAfQE+/e8EBPXYHaLflaZc=
106,-5,8FTIVYuwzMQxacJRCEpfIzWmv84=,Rs+acpAfQE+/e8EBPXYHaLflaZc=
105,-14,8FTIVYuwzMQxacJRCEpfIzWmv84=,Rs+acpAfQE+/e8EBPXYHaLflaZc=
96,-10,8FTIVYuwzMQxacJRCEpfIzWmv84=,Rs+acpAfQE+/e8EBPXYHaLflaZc=
97,-10,8FTIVYuwzMQxacJRCEpfIzWmv84=,Rs+acpAfQE+/e8EBPXYHaLflaZc=
98,-10,8FTIVYuwzMQxacJRCEpfIzWmv84=,Rs+acpAfQE+/e8EBPXYHaLflaZc=
99,-10,8FTIVYuwzMQxacJRCEpfIzWmv84=,Rs+acpAfQE+/e8EBPXYHaLflaZc=
100,-10,8FTIVYuwzMQxacJRCEpfIzWmv84=,Rs+acpAfQE+/e8EBPXYHaLflaZc=
101,-10,8FTIVYuwzMQxacJRCEpfIzWmv84=,Rs+acpAfQE+/e8EBPXYHaLflaZc=
102,-10,8FTIVYuwzMQxacJRCEpfIzWmv84=,Rs+acpAfQE+/e8EBPXYHaLflaZc=
103,-10,8FTIVYuwzMQxacJRCEpfIzWmv84=,Rs+acpAfQE+/e8EBPXYHaLflaZc=
104,-10,8FTIVYuwzMQxacJRCEpfIzWmv84=,Rs+acpAfQE+/e8EBPXYHaLflaZc=
105,-10,8FTIVYuwzMQxacJRCEpfIzWmv84=,Rs+acpAfQE+/e8EBPXYHaLflaZc=
106,-10,8FTIVYuwzMQxacJRCEpfIzWmv84=,Rs+acpAfQE+/e8EBPXYHaLflaZc=
107,-10,8FTIVYuwzMQxacJRCEpfIzWmv84=,Rs+acpAfQE+/e8EBPXYHaLflaZc=
108,-10,8FTIVYuwzMQxacJRCEpfIzWmv84=,Rs+acpAfQE+/e8EBPXYHaLflaZc=
109,-10,8FTIVYuwzMQxacJRCEpfIzWmv84=,Rs+acpAfQE+/e8EBPXYHaLflaZc=
110,-10,8FTIVYuwzMQxacJRCEpfIzWmv84=,Rs+acpAfQE+/e8EBPXYHaLflaZc=
105,-5,8FTIVYuwzMQxacJRCEpfIzWmv84=,Rs+acpAfQE+/e8EBPXYHaLflaZc=
99,-5,8FTIVYuwzMQxacJRCEpfIzWmv84=,Rs+acpAfQE+/e8EBPXYHaLflaZc=
98,-5,8FTIVYuwzMQxacJRCEpfIzWmv84=,Rs+acpAfQE+/e8EBPXYHaLflaZc=
97,-3,8FTIVYuwzMQxacJRCEpfIzWmv84=,Rs+acpAfQE+/e8EBPXYHaLflaZc=
110,-14,8FTIVYuwzMQxacJRCEpfIzWmv84=,Rs+acpAfQE+/e8EBPXYHaLflaZc=
99,-4,8FTIVYuwzMQxacJRCEpfIzWmv84=,Rs+acpAfQE+/e8EBPXYHaLflaZc=
107,-2,8FTIVYuwzMQxacJRCEpfIzWmv84=,Rs+acpAfQE+/e8EBPXYHaLflaZc=
103,-5,8FTIVYuwzMQxacJRCEpfIzWmv84=,Rs+acpAfQE+/e8EBPXYHaLflaZc=
109,-5,8FTIVYuwzMQxacJRCEpfIzWmv84=,Rs+acpAfQE+/e8EBPXYHaLflaZc=
98,-4,8FTIVYuwzMQxacJRCEpfIzWmv84=,Rs+acpAfQE+/e8EBPXYHaLflaZc=
97,-4,8FTIVYuwzMQxacJRCEpfIzWmv84=,Rs+acpAfQE+/e8EBPXYHaLflaZc=
111,-4,8FTIVYuwzMQxacJRCEpfIzWmv84=,Rs+acpAfQE+/e8EBPXYHaLflaZc=
109,-16,8FTIVYuwzMQxacJRCEpfIzWmv84=,Rs+acpAfQE+/e8EBPXYHaLflaZc=
100,-5,8FTIVYuwzMQxacJRCEpfIzWmv84=,Rs+acpAfQE+/e8EBPXYHaLflaZc=
108,-1,8FTIVYuwzMQxacJRCEpfIzWmv84=,Rs+acpAfQE+/e8EBPXYHaLflaZc=
101,-5,8FTIVYuwzMQxacJRCEpfIzWmv84=,Rs+acpAfQE+/e8EBPXYHaLflaZc=
104,-5,8FTIVYuwzMQxacJRCEpfIzWmv84=,Rs+acpAfQE+/e8EBPXYHaLflaZc=
103,-1,8FTIVYuwzMQxacJRCEpfIzWmv84=,Rs+acpAfQE+/e8EBPXYHaLflaZc=
107,-1,8FTIVYuwzMQxacJRCEpfIzWmv84=,Rs+acpAfQE+/e8EBPXYHaLflaZc=
110,-3,8FTIVYuwzMQxacJRCEpfIzWmv84=,Rs+acpAfQE+/e8EBPXYHaLflaZc=
108,-6,8FTIVYuwzMQxacJRCEpfIzWmv84=,Rs+acpAfQE+/e8EBPXYHaLflaZc=
98,-6,8FTIVYuwzMQxacJRCEpfIzWmv84=,Rs+acpAfQE+/e8EBPXYHaLflaZc=
109,-15,8FTIVYuwzMQxacJRCEpfIzWmv84=,Rs+acpAfQE+/e8EBPXYHaLflaZc=
105,-6,8FTIVYuwzMQxacJRCEpfIzWmv84=,Rs+acpAfQE+/e8EBPXYHaLflaZc=
109,-14,8FTIVYuwzMQxacJRCEpfIzWmv84=,Rs+acpAfQE+/e8EBPXYHaLflaZc=
109,-6,8FTIVYuwzMQxacJRCEpfIzWmv84=,Rs+acpAfQE+/e8EBPXYHaLflaZc=
107,-6,8FTIVYuwzMQxacJRCEpfIzWmv84=,Rs+acpAfQE+/e8EBPXYHaLflaZc=
108,-15,8FTIVYuwzMQxacJRCEpfIzWmv84=,Rs+acpAfQE+/e8EBPXYHaLflaZc=
104,-6,8FTIVYuwzMQxacJRCEpfIzWmv84=,Rs+acpAfQE+/e8EBPXYHaLflaZc=
102,-5,8FTIVYuwzMQxacJRCEpfIzWmv84=,Rs+acpAfQE+/e8EBPXYHaLflaZc=
100,-6,8FTIVYuwzMQxacJRCEpfIzWmv84=,Rs+acpAfQE+/e8EBPXYHaLflaZc=
110,-5,8FTIVYuwzMQxacJRCEpfIzWmv84=,Rs+acpAfQE+/e8EBPXYHaLflaZc=
110,-16,8FTIVYuwzMQxacJRCEpfIzWmv84=,Rs+acpAfQE+/e8EBPXYHaLflaZc=
111,-6,8FTIVYuwzMQxacJRCEpfIzWmv84=,Rs+acpAfQE+/e8EBPXYHaLflaZc=
103,-2,8FTIVYuwzMQxacJRCEpfIzWmv84=,Rs+acpAfQE+/e8EBPXYHaLflaZc=
106,-6,8FTIVYuwzMQxacJRCEpfIzWmv84=,Rs+acpAfQE+/e8EBPXYHaLflaZc=
96,-14,8FTIVYuwzMQxacJRCEpfIzWmv84=,Rs+acpAfQE+/e8EBPXYHaLflaZc=
110,-6,8FTIVYuwzMQxacJRCEpfIzWmv84=,Rs+acpAfQE+/e8EBPXYHaLflaZc=
105,-1,8FTIVYuwzMQxacJRCEpfIzWmv84=,Rs+acpAfQE+/e8EBPXYHaLflaZc=
111,-16,8FTIVYuwzMQxacJRCEpfIzWmv84=,Rs+acpAfQE+/e8EBPXYHaLflaZc=
108,-7,8FTIVYuwzMQxacJRCEpfIzWmv84=,Rs+acpAfQE+/e8EBPXYHaLflaZc=
109,-7,8FTIVYuwzMQxacJRCEpfIzWmv84=,Rs+acpAfQE+/e8EBPXYHaLflaZc=
103,-6,8FTIVYuwzMQxacJRCEpfIzWmv84=,Rs+acpAfQE+/e8EBPXYHaLflaZc=
108,-14,8FTIVYuwzMQxacJRCEpfIzWmv84=,Rs+acpAfQE+/e8EBPXYHaLflaZc=
101,-7,8FTIVYuwzMQxacJRCEpfIzWmv84=,Rs+acpAfQE+/e8EBPXYHaLflaZc=
102,-6,8FTIVYuwzMQxacJRCEpfIzWmv84=,Rs+acpAfQE+/e8EBPXYHaLflaZc=
111,-10,8FTIVYuwzMQxacJRCEpfIzWmv84=,Rs+acpAfQE+/e8EBPXYHaLflaZc=
105,-15,8FTIVYuwzMQxacJRCEpfIzWmv84=,Rs+acpAfQE+/e8EBPXYHaLflaZc=
105,-16,8FTIVYuwzMQxacJRCEpfIzWmv84=,Rs+acpAfQE+/e8EBPXYHaLflaZc=
96,-9,8FTIVYuwzMQxacJRCEpfIzWmv84=,Rs+acpAfQE+/e8EBPXYHaLflaZc=
106,-14,8FTIVYuwzMQxacJRCEpfIzWmv84=,Rs+acpAfQE+/e8EBPXYHaLflaZc=
106,-1,8FTIVYuwzMQxacJRCEpfIzWmv84=,Rs+acpAfQE+/e8EBPXYHaLflaZc=
110,-4,8FTIVYuwzMQxacJRCEpfIzWmv84=,Rs+acpAfQE+/e8EBPXYHaLflaZc=
100,-7,8FTIVYuwzMQxacJRCEpfIzWmv84=,Rs+acpAfQE+/e8EBPXYHaLflaZc=
108,-8,8FTIVYuwzMQxacJRCEpfIzWmv84=,Rs+acpAfQE+/e8EBPXYHaLflaZc=
107,-8,8FTIVYuwzMQxacJRCEpfIzWmv84=,Rs+acpAfQE+/e8EBPXYHaLflaZc=
106,-8,8FTIVYuwzMQxacJRCEpfIzWmv84=,Rs+acpAfQE+/e8EBPXYHaLflaZc=
102,-7,8FTIVYuwzMQxacJRCEpfIzWmv84=,Rs+acpAfQE+/e8EBPXYHaLflaZc=
104,-8,8FTIVYuwzMQxacJRCEpfIzWmv84=,Rs+acpAfQE+/e8EBPXYHaLflaZc=
105,-7,8FTIVYuwzMQxacJRCEpfIzWmv84=,Rs+acpAfQE+/e8EBPXYHaLflaZc=
104,-7,8FTIVYuwzMQxacJRCEpfIzWmv84=,Rs+acpAfQE+/e8EBPXYHaLflaZc=
107,-15,8FTIVYuwzMQxacJRCEpfIzWmv84=,Rs+acpAfQE+/e8EBPXYHaLflaZc=
108,-16,8FTIVYuwzMQxacJRCEpfIzWmv84=,Rs+acpAfQE+/e8EBPXYHaLflaZc=
99,-8,8FTIVYuwzMQxacJRCEpfIzWmv84=,Rs+acpAfQE+/e8EBPXYHaLflaZc=
98,-8,8FTIVYuwzMQxacJRCEpfIzWmv84=,Rs+acpAfQE+/e8EBPXYHaLflaZc=
107,-14,8FTIVYuwzMQxacJRCEpfIzWmv84=,Rs+acpAfQE+/e8EBPXYHaLflaZc=
97,-8,8FTIVYuwzMQxacJRCEpfIzWmv84=,Rs+acpAfQE+/e8EBPXYHaLflaZc=
96,-8,8FTIVYuwzMQxacJRCEpfIzWmv84=,Rs+acpAfQE+/e8EBPXYHaLflaZc=
101,-6,8FTIVYuwzMQxacJRCEpfIzWmv84=,Rs+acpAfQE+/e8EBPXYHaLflaZc=
111,-9,8FTIVYuwzMQxacJRCEpfIzWmv84=,Rs+acpAfQE+/e8EBPXYHaLflaZc=
102,-8,8FTIVYuwzMQxacJRCEpfIzWmv84=,Rs+acpAfQE+/e8EBPXYHaLflaZc=
103,-7,8FTIVYuwzMQxacJRCEpfIzWmv84=,Rs+acpAfQE+/e8EBPXYHaLflaZc=
97,-7,8FTIVYuwzMQxacJRCEpfIzWmv84=,Rs+acpAfQE+/e8EBPXYHaLflaZc=
106,-15,8FTIVYuwzMQxacJRCEpfIzWmv84=,Rs+acpAfQE+/e8EBPXYHaLflaZc=
106,-9,8FTIVYuwzMQxacJRCEpfIzWmv84=,Rs+acpAfQE+/e8EBPXYHaLflaZc=
107,-9,8FTIVYuwzMQxacJRCEpfIzWmv84=,Rs+acpAfQE+/e8EBPXYHaLflaZc=
105,-9,8FTIVYuwzMQxacJRCEpfIzWmv84=,Rs+acpAfQE+/e8EBPXYHaLflaZc=
104,-9,8FTIVYuwzMQxacJRCEpfIzWmv84=,Rs+acpAfQE+/e8EBPXYHaLflaZc=
103,-9,8FTIVYuwzMQxacJRCEpfIzWmv84=,Rs+acpAfQE+/e8EBPXYHaLflaZc=
101,-8,8FTIVYuwzMQxacJRCEpfIzWmv84=,Rs+acpAfQE+/e8EBPXYHaLflaZc=
96,-4,8FTIVYuwzMQxacJRCEpfIzWmv84=,Rs+acpAfQE+/e8EBPXYHaLflaZc=
106,-16,8FTIVYuwzMQxacJRCEpfIzWmv84=,Rs+acpAfQE+/e8EBPXYHaLflaZc=
110,-7,8FTIVYuwzMQxacJRCEpfIzWmv84=,Rs+acpAfQE+/e8EBPXYHaLflaZc=
98,-7,8FTIVYuwzMQxacJRCEpfIzWmv84=,Rs+acpAfQE+/e8EBPXYHaLflaZc=
97,-9,8FTIVYuwzMQxacJRCEpfIzWmv84=,Rs+acpAfQE+/e8EBPXYHaLflaZc=
100,-8,8FTIVYuwzMQxacJRCEpfIzWmv84=,Rs+acpAfQE+/e8EBPXYHaLflaZc=
97,-6,8FTIVYuwzMQxacJRCEpfIzWmv84=,Rs+acpAfQE+/e8EBPXYHaLflaZc=
103,-8,8FTIVYuwzMQxacJRCEpfIzWmv84=,Rs+acpAfQE+/e8EBPXYHaLflaZc=
111,-7,8FTIVYuwzMQxacJRCEpfIzWmv84=,Rs+acpAfQE+/e8EBPXYHaLflaZc=
96,-5,8FTIVYuwzMQxacJRCEpfIzWmv84=,Rs+acpAfQE+/e8EBPXYHaLflaZc=
107,-7,8FTIVYuwzMQxacJRCEpfIzWmv84=,Rs+acpAfQE+/e8EBPXYHaLflaZc=
100,-9,8FTIVYuwzMQxacJRCEpfIzWmv84=,Rs+acpAfQE+/e8EBPXYHaLflaZc=
105,-8,8FTIVYuwzMQxacJRCEpfIzWmv84=,Rs+acpAfQE+/e8EBPXYHaLflaZc=
101,-9,8FTIVYuwzMQxacJRCEpfIzWmv84=,Rs+acpAfQE+/e8EBPXYHaLflaZc=
107,-16,8FTIVYuwzMQxacJRCEpfIzWmv84=,Rs+acpAfQE+/e8EBPXYHaLflaZc=
99,-9,8FTIVYuwzMQxacJRCEpfIzWmv84=,Rs+acpAfQE+/e8EBPXYHaLflaZc=
102,-9,8FTIVYuwzMQxacJRCEpfIzWmv84=,Rs+acpAfQE+/e8EBPXYHaLflaZc=
96,-6,8FTIVYuwzMQxacJRCEpfIzWmv84=,Rs+acpAfQE+/e8EBPXYHaLflaZc=
110,-9,8FTIVYuwzMQxacJRCEpfIzWmv84=,Rs+acpAfQE+/e8EBPXYHaLflaZc=
98,-9,8FTIVYuwzMQxacJRCEpfIzWmv84=,Rs+acpAfQE+/e8EBPXYHaLflaZc=
99,-16,8FTIVYuwzMQxacJRCEpfIzWmv84=,Rs+acpAfQE+/e8EBPXYHaLflaZc=
106,-7,8FTIVYuwzMQxacJRCEpfIzWmv84=,Rs+acpAfQE+/e8EBPXYHaLflaZc=
111,-8,8FTIVYuwzMQxacJRCEpfIzWmv84=,Rs+acpAfQE+/e8EBPXYHaLflaZc=
111,-5,8FTIVYuwzMQxacJRCEpfIzWmv84=,Rs+acpAfQE+/e8EBPXYHaLflaZc=
109,-8,8FTIVYuwzMQxacJRCEpfIzWmv84=,Rs+acpAfQE+/e8EBPXYHaLflaZc=
97,-5,8FTIVYuwzMQxacJRCEpfIzWmv84=,Rs+acpAfQE+/e8EBPXYHaLflaZc=
108,-9,8FTIVYuwzMQxacJRCEpfIzWmv84=,Rs+acpAfQE+/e8EBPXYHaLflaZc=
109,-9,8FTIVYuwzMQxacJRCEpfIzWmv84=,Rs+acpAfQE+/e8EBPXYHaLflaZc=
110,-8,8FTIVYuwzMQxacJRCEpfIzWmv84=,Rs+acpAfQE+/e8EBPXYHaLflaZc=
102,-1,8FTIVYuwzMQxacJRCEpfIzWmv84=,Rs+acpAfQE+/e8EBPXYHaLflaZc=
99,-7,8FTIVYuwzMQxacJRCEpfIzWmv84=,Rs+acpAfQE+/e8EBPXYHaLflaZc=
99,-6,8FTIVYuwzMQxacJRCEpfIzWmv84=,Rs+acpAfQE+/e8EBPXYHaLflaZc=
96,-7,8FTIVYuwzMQxacJRCEpfIzWmv84=,Rs+acpAfQE+/e8EBPXYHaLflaZc=
97,-16,8FTIVYuwzMQxacJRCEpfIzWmv84=,Rs+acpAfQE+/e8EBPXYHaLflaZc=
