175,78,ZUVMOiaOzY9ABLWf+US1Vgykv1I=,zFkUDv793ptOALtEkndKAduQc0o=
175,73,ZUVMOiaOzY9ABLWf+US1Vgykv1I=,zFkUDv793ptOALtEkndKAduQc0o=
169,74,ZUVMOiaOzY9ABLWf+US1Vgykv1I=,zFkUDv793ptOALtEkndKAduQc0o=
174,78,ZUVMOiaOzY9ABLWf+US1Vgykv1I=,zFkUDv793ptOALtEkndKAduQc0o=
174,73,ZUVMOiaOzY9ABLWf+US1Vgykv1I=,zFkUDv793ptOALtEkndKAduQc0o=
170,74,ZUVMOiaOzY9ABLWf+US1Vgykv1I=,zFkUDv793ptOALtEkndKAduQc0o=
173,78,ZUVMOiaOzY9ABLWf+US1Vgykv1I=,zFkUDv793ptOALtEkndKAduQc0o=
173,73,ZUVMOiaOzY9ABLWf+US1Vgykv1I=,zFkUDv793ptOALtEkndKAduQc0o=
171,74,ZUVMOiaOzY9ABLWf+US1Vgykv1I=,zFkUDv793ptOALtEkndKAduQc0o=
172,78,ZUVMOiaOzY9ABLWf+US1Vgykv1I=,zFkUDv793ptOALtEkndKAduQc0o=
170,73,ZUVMOiaOzY9ABLWf+US1Vgykv1I=,zFkUDv793ptOALtEkndKAduQc0o=
172,74,ZUVMOiaOzY9ABLWf+US1Vgykv1I=,zFkUDv793ptOALtEkndKAduQc0o=
172,73,ZUVMOiaOzY9ABLWf+US1Vgykv1I=,zFkUDv793ptOALtEkndKAduQc0o=
175,72,ZUVMOiaOzY9ABLWf+US1Vgykv1I=,zFkUDv793ptOALtEkndKAduQc0o=
171,73,ZUVMOiaOzY9ABLWf+US1Vgykv1I=,zFkUDv793ptOALtEkndKAduQc0o=
173,74,ZUVMOiaOzY9ABLWf+US1Vgykv1I=,zFkUDv793ptOALtEkndKAduQc0o=
169,73,ZUVMOiaOzY9ABLWf+US1Vgykv1I=,zFkUDv793ptOALtEkndKAduQc0o=
174,74,ZUVMOiaOzY9ABLWf+US1Vgykv1I=,zFkUDv793ptOALtEkndKAduQc0o=
171,78,ZUVMOiaOzY9ABLWf+US1Vgykv1I=,zFkUDv793ptOALtEkndKAduQc0o=
175,74,ZUVMOiaOzY9ABLWf+US1Vgykv1I=,zFkUDv793ptOALtEkndKAduQc0o=
174,72,ZUVMOiaOzY9ABLWf+US1Vgykv1I=,zFkUDv793ptOALtEkndKAduQc0o=
169,75,ZUVMOiaOzY9ABLWf+US1Vgykv1I=,zFkUDv793ptOALtEkndKAduQc0o=
170,75,ZUVMOiaOzY9ABLWf+US1Vgykv1I=,zFkUDv793ptOALtEkndKAduQc0o=
171,75,ZUVMOiaOzY9ABLWf+US1Vgykv1I=,zFkUDv793ptOALtEkndKAduQc0o=
173,72,ZUVMOiaOzY9ABLWf+US1Vgykv1I=,zFkUDv793ptOALtEkndKAduQc0o=
171,72,ZUVMOiaOzY9ABLWf+US1Vgykv1I=,zFkUDv793ptOALtEkndKAduQc0o=
172,75,ZUVMOiaOzY9ABLWf+US1Vgykv1I=,zFkUDv793ptOALtEkndKAduQc0o=
172,72,ZUVMOiaOzY9ABLWf+US1Vgykv1I=,zFkUDv793ptOALtEkndKAduQc0o=
174,77,ZUVMOiaOzY9ABLWf+US1Vgykv1I=,zFkUDv793ptOALtEkndKAduQc0o=
175,77,ZUVMOiaOzY9ABLWf+US1Vgykv1I=,zFkUDv793ptOALtEkndKAduQc0o=
170,72,ZUVMOiaOzY9ABLWf+US1Vgykv1I=,zFkUDv793ptOALtEkndKAduQc0o=
173,75,ZUVMOiaOzY9ABLWf+US1Vgykv1I=,zFkUDv793ptOALtEkndKAduQc0o=
173,77,ZUVMOiaOzY9ABLWf+US1Vgykv1I=,zFkUDv793ptOALtEkndKAduQc0o=
174,75,ZUVMOiaOzY9ABLWf+US1Vgykv1I=,zFkUDv793ptOALtEkndKAduQc0o=
172,77,ZUVMOiaOzY9ABLWf+US1Vgykv1I=,zFkUDv793ptOALtEkndKAduQc0o=
169,72,ZUVMOiaOzY9ABLWf+US1Vgykv1I=,zFkUDv793ptOALtEkndKAduQc0o=
175,76,ZUVMOiaOzY9ABLWf+US1Vgykv1I=,zFkUDv793ptOALtEkndKAduQc0o=
171,77,ZUVMOiaOzY9ABLWf+US1Vgykv1I=,zFkUDv793ptOALtEkndKAduQc0o=
174,76,ZUVMOiaOzY9ABLWf+US1Vgykv1I=,zFkUDv793ptOALtEkndKAduQc0o=
173,76,ZUVMOiaOzY9ABLWf+US1Vgykv1I=,zFkUDv793ptOALtEkndKAduQc0o=
169,76,ZUVMOiaOzY9ABLWf+US1Vgykv1I=,zFkUDv793ptOALtEkndKAduQc0o=
175,75,ZUVMOiaOzY9ABLWf+US1Vgykv1I=,zFkUDv793ptOALtEkndKAduQc0o=
171,76,ZUVMOiaOzY9ABLWf+US1Vgykv1I=,zFkUDv793ptOALtEkndKAduQc0o=
170,76,ZUVMOiaOzY9ABLWf+US1Vgykv1I=,zFkUDv793ptOALtEkndKAduQc0o=
172,76,ZUVMOiaOzY9ABLWf+US1Vgykv1I=,zFkUDv793ptOALtEkndKAduQc0o=
171,79,ZUVMOiaOzY9ABLWf+US1Vgykv1I=,zFkUDv793ptOALtEkndKAduQc0o=
172,79,ZUVMOiaOzY9ABLWf+US1Vgykv1I=,zFkUDv793ptOALtEkndKAduQc0o=
173,79,ZUVMOiaOzY9ABLWf+US1Vgykv1I=,zFkUDv793ptOALtEkndKAduQc0o=
174,79,ZUVMOiaOzY9ABLWf+US1Vgykv1I=,zFkUDv793ptOALtEkndKAduQc0o=
175,79,ZUVMOiaOzY9ABLWf+US1Vgykv1I=,zFkUDv793ptOALtEkndKAduQc0o=
165,79,ZUVMOiaOzY9ABLWf+US1Vgykv1I=,y7GDDVCyx4c95een/uvyOtuwGKk=
168,74,ZUVMOiaOzY9ABLWf+US1Vgykv1I=,zFkUDv793ptOALtEkndKAduQc0o=
165,78,ZUVMOiaOzY9ABLWf+US1Vgykv1I=,y7GDDVCyx4c95een/uvyOtuwGKk=
162,75,ZUVMOiaOzY9ABLWf+US1Vgykv1I=,y7GDDVCyx4c95een/uvyOtuwGKk=
166,79,ZUVMOiaOzY9ABLWf+US1Vgykv1I=,y7GDDVCyx4c95een/uvyOtuwGKk=
163,78,ZUVMOiaOzY9ABLWf+US1Vgykv1I=,y7GDDVCyx4c95een/uvyOtuwGKk=
164,76,ZUVMOiaOzY9ABLWf+US1Vgykv1I=,y7GDDVCyx4c95een/uvyOtuwGKk=
164,78,ZUVMOiaOzY9ABLWf+US1Vgykv1I=,y7GDDVCyx4c95een/uvyOtuwGKk=
163,76,ZUVMOiaOzY9ABLWf+US1Vgykv1I=,y7GDDVCyx4c95een/uvyOtuwGKk=
162,78,ZUVMOiaOzY9ABLWf+US1Vgykv1I=,y7GDDVCyx4c95een/uvyOtuwGKk=
162,76,ZUVMOiaOzY9ABLWf+US1Vgykv1I=,y7GDDVCyx4c95een/uvyOtuwGKk=
167,72,ZUVMOiaOzY9ABLWf+US1Vgykv1I=,y7GDDVCyx4c95een/uvyOtuwGKk=
164,77,ZUVMOiaOzY9ABLWf+US1Vgykv1I=,y7GDDVCyx4c95een/uvyOtuwGKk=
160,76,ZUVMOiaOzY9ABLWf+US1Vgykv1I=,y7GDDVCyx4c95een/uvyOtuwGKk=
161,76,ZUVMOiaOzY9ABLWf+US1Vgykv1I=,y7GDDVCyx4c95een/uvyOtuwGKk=
168,79,ZUVMOiaOzY9ABLWf+US1Vgykv1I=,zFkUDv793ptOALtEkndKAduQc0o=
163,77,ZUVMOiaOzY9ABLWf+US1Vgykv1I=,y7GDDVCyx4c95een/uvyOtuwGKk=
165,72,ZUVMOiaOzY9ABLWf+US1Vgykv1I=,y7GDDVCyx4c95een/uvyOtuwGKk=
167,73,ZUVMOiaOzY9ABLWf+US1Vgykv1I=,y7GDDVCyx4c95een/uvyOtuwGKk=
162,77,ZUVMOiaOzY9ABLWf+US1Vgykv1I=,y7GDDVCyx4c95een/uvyOtuwGKk=
163,72,ZUVMOiaOzY9ABLWf+US1Vgykv1I=,y7GDDVCyx4c95een/uvyOtuwGKk=
164,72,ZUVMOiaOzY9ABLWf+US1Vgykv1I=,y7GDDVCyx4c95een/uvyOtuwGKk=
164,79,ZUVMOiaOzY9ABLWf+US1Vgykv1I=,y7GDDVCyx4c95een/uvyOtuwGKk=
163,79,ZUVMOiaOzY9ABLWf+US1Vgykv1I=,y7GDDVCyx4c95een/uvyOtuwGKk=
162,79,ZUVMOiaOzY9ABLWf+US1Vgykv1I=,y7GDDVCyx4c95een/uvyOtuwGKk=
161,77,ZUVMOiaOzY9ABLWf+US1Vgykv1I=,y7GDDVCyx4c95een/uvyOtuwGKk=
160,77,ZUVMOiaOzY9ABLWf+US1Vgykv1I=,y7GDDVCyx4c95een/uvyOtuwGKk=
168,73,ZUVMOiaOzY9ABLWf+US1Vgykv1I=,zFkUDv793ptOALtEkndKAduQc0o=
161,78,ZUVMOiaOzY9ABLWf+US1Vgykv1I=,y7GDDVCyx4c95een/uvyOtuwGKk=
161,79,ZUVMOiaOzY9ABLWf+US1Vgykv1I=,y7GDDVCyx4c95een/uvyOtuwGKk=
160,79,ZUVMOiaOzY9ABLWf+US1Vgykv1I=,y7GDDVCyx4c95een/uvyOtuwGKk=
160,78,ZUVMOiaOzY9ABLWf+US1Vgykv1I=,y7GDDVCyx4c95een/uvyOtuwGKk=
167,78,ZUVMOiaOzY9ABLWf+US1Vgykv1I=,y7GDDVCyx4c95een/uvyOtuwGKk=
168,72,ZUVMOiaOzY9ABLWf+US1Vgykv1I=,zFkUDv793ptOALtEkndKAduQc0o=
167,79,ZUVMOiaOzY9ABLWf+US1Vgykv1I=,y7GDDVCyx4c95een/uvyOtuwGKk=
166,78,ZUVMOiaOzY9ABLWf+US1Vgykv1I=,y7GDDVCyx4c95een/uvyOtuwGKk=
163,75,ZUVMOiaOzY9ABLWf+US1Vgykv1I=,y7GDDVCyx4c95een/uvyOtuwGKk=
166,72,ZUVMOiaOzY9ABLWf+US1Vgykv1I=,y7GDDVCyx4c95een/uvyOtuwGKk=
168,75,ZUVMOiaOzY9ABLWf+US1Vgykv1I=,zFkUDv793ptOALtEkndKAduQc0o=
165,76,ZUVMOiaOzY9ABLWf+US1Vgykv1I=,y7GDDVCyx4c95een/uvyOtuwGKk=
164,75,ZUVMOiaOzY9ABLWf+US1Vgykv1I=,y7GDDVCyx4c95een/uvyOtuwGKk=
160,72,ZUVMOiaOzY9ABLWf+US1Vgykv1I=,y7GDDVCyx4c95een/uvyOtuwGKk=
160,75,ZUVMOiaOzY9ABLWf+US1Vgykv1I=,y7GDDVCyx4c95een/uvyOtuwGKk=
166,73,ZUVMOiaOzY9ABLWf+US1Vgykv1I=,y7GDDVCyx4c95een/uvyOtuwGKk=
162,72,ZUVMOiaOzY9ABLWf+US1Vgykv1I=,y7GDDVCyx4c95een/uvyOtuwGKk=
161,72,ZUVMOiaOzY9ABLWf+US1Vgykv1I=,y7GDDVCyx4c95een/uvyOtuwGKk=
170,77,ZUVMOiaOzY9ABLWf+US1Vgykv1I=,zFkUDv793ptOALtEkndKAduQc0o=
161,75,ZUVMOiaOzY9ABLWf+US1Vgykv1I=,y7GDDVCyx4c95een/uvyOtuwGKk=
165,77,ZUVMOiaOzY9ABLWf+US1Vgykv1I=,y7GDDVCyx4c95een/uvyOtuwGKk=
167,74,ZUVMOiaOzY9ABLWf+US1Vgykv1I=,y7GDDVCyx4c95een/uvyOtuwGKk=
165,75,ZUVMOiaOzY9ABLWf+US1Vgykv1I=,y7GDDVCyx4c95een/uvyOtuwGKk=
170,78,ZUVMOiaOzY9ABLWf+US1Vgykv1I=,zFkUDv793ptOALtEkndKAduQc0o=
165,73,ZUVMOiaOzY9ABLWf+US1Vgykv1I=,y7GDDVCyx4c95een/uvyOtuwGKk=
169,77,ZUVMOiaOzY9ABLWf+US1Vgykv1I=,zFkUDv793ptOALtEkndKAduQc0o=
168,78,ZUVMOiaOzY9ABLWf+US1Vgykv1I=,zFkUDv793ptOALtEkndKAduQc0o=
163,73,ZUVMOiaOzY9ABLWf+US1Vgykv1I=,y7GDDVCyx4c95een/uvyOtuwGKk=
164,74,ZUVMOiaOzY9ABLWf+US1Vgykv1I=,y7GDDVCyx4c95een/uvyOtuwGKk=
168,76,ZUVMOiaOzY9ABLWf+US1Vgykv1I=,zFkUDv793ptOALtEkndKAduQc0o=
160,73,ZUVMOiaOzY9ABLWf+US1Vgykv1I=,y7GDDVCyx4c95een/uvyOtuwGKk=
166,77,ZUVMOiaOzY9ABLWf+US1Vgykv1I=,y7GDDVCyx4c95een/uvyOtuwGKk=
161,74,ZUVMOiaOzY9ABLWf+US1Vgykv1I=,y7GDDVCyx4c95een/uvyOtuwGKk=
163,74,ZUVMOiaOzY9ABLWf+US1Vgykv1I=,y7GDDVCyx4c95een/uvyOtuwGKk=
160,74,ZUVMOiaOzY9ABLWf+US1Vgykv1I=,y7GDDVCyx4c95een/uvyOtuwGKk=
161,73,ZUVMOiaOzY9ABLWf+US1Vgykv1I=,y7GDDVCyx4c95een/uvyOtuwGKk=
164,73,ZUVMOiaOzY9ABLWf+US1Vgykv1I=,y7GDDVCyx4c95een/uvyOtuwGKk=
168,77,ZUVMOiaOzY9ABLWf+US1Vgykv1I=,zFkUDv793ptOALtEkndKAduQc0o=
167,77,ZUVMOiaOzY9ABLWf+US1Vgykv1I=,y7GDDVCyx4c95een/uvyOtuwGKk=
162,74,ZUVMOiaOzY9ABLWf+US1Vgykv1I=,y7GDDVCyx4c95een/uvyOtuwGKk=
165,74,ZUVMOiaOzY9ABLWf+US1Vgykv1I=,y7GDDVCyx4c95een/uvyOtuwGKk=
166,75,ZUVMOiaOzY9ABLWf+US1Vgykv1I=,y7GDDVCyx4c95een/uvyOtuwGKk=
169,78,ZUVMOiaOzY9ABLWf+US1Vgykv1I=,zFkUDv793ptOALtEkndKAduQc0o=
167,75,ZUVMOiaOzY9ABLWf+US1Vgykv1I=,y7GDDVCyx4c95een/uvyOtuwGKk=
162,73,ZUVMOiaOzY9ABLWf+US1Vgykv1I=,y7GDDVCyx4c95een/uvyOtuwGKk=
167,76,ZUVMOiaOzY9ABLWf+US1Vgykv1I=,y7GDDVCyx4c95een/uvyOtuwGKk=
170,79,ZUVMOiaOzY9ABLWf+US1Vgykv1I=,zFkUDv793ptOALtEkndKAduQc0o=
169,79,ZUVMOiaOzY9ABLWf+US1Vgykv1I=,zFkUDv793ptOALtEkndKAduQc0o=
166,74,ZUVMOiaOzY9ABLWf+US1Vgykv1I=,y7GDDVCyx4c95een/uvyOtuwGKk=
166,76,ZUVMOiaOzY9ABLWf+US1Vgykv1I=,y7GDDVCyx4c95een/uvyOtuwGKk=
168,84,ZUVMOiaOzY9ABLWf+US1Vgykv1I=,6a8fRB6EwZvjBsBVQ83G4UFXElY=
175,82,ZUVMOiaOzY9ABLWf+US1Vgykv1I=,6a8fRB6EwZvjBsBVQ83G4UFXElY=
175,80,ZUVMOiaOzY9ABLWf+US1Vgykv1I=,6a8fRB6EwZvjBsBVQ83G4UFXElY=
174,81,ZUVMOiaOzY9ABLWf+US1Vgykv1I=,6a8fRB6EwZvjBsBVQ83G4UFXElY=
175,81,ZUVMOiaOzY9ABLWf+US1Vgykv1I=,6a8fRB6EwZvjBsBVQ83G4UFXElY=
173,80,ZUVMOiaOzY9ABLWf+US1Vgykv1I=,6a8fRB6EwZvjBsBVQ83G4UFXElY=
171,83,ZUVMOiaOzY9ABLWf+US1Vgykv1I=,6a8fRB6EwZvjBsBVQ83G4UFXElY=
170,83,ZUVMOiaOzY9ABLWf+US1Vgykv1I=,6a8fRB6EwZvjBsBVQ83G4UFXElY=
174,87,ZUVMOiaOzY9ABLWf+US1Vgykv1I=,6a8fRB6EwZvjBsBVQ83G4UFXElY=
173,87,ZUVMOiaOzY9ABLWf+US1Vgykv1I=,6a8fRB6EwZvjBsBVQ83G4UFXElY=
175,87,ZUVMOiaOzY9ABLWf+US1Vgykv1I=,6a8fRB6EwZvjBsBVQ83G4UFXElY=
172,87,ZUVMOiaOzY9ABLWf+US1Vgykv1I=,6a8fRB6EwZvjBsBVQ83G4UFXElY=
171,87,ZUVMOiaOzY9ABLWf+US1Vgykv1I=,6a8fRB6EwZvjBsBVQ83G4UFXElY=
169,87,ZUVMOiaOzY9ABLWf+US1Vgykv1I=,6a8fRB6EwZvjBsBVQ83G4UFXElY=
170,87,ZUVMOiaOzY9ABLWf+US1Vgykv1I=,6a8fRB6EwZvjBsBVQ83G4UFXElY=
168,87,ZUVMOiaOzY9ABLWf+US1Vgykv1I=,6a8fRB6EwZvjBsBVQ83G4UFXElY=
175,86,ZUVMOiaOzY9ABLWf+US1Vgykv1I=,6a8fRB6EwZvjBsBVQ83G4UFXElY=
174,86,ZUVMOiaOzY9ABLWf+US1Vgykv1I=,6a8fRB6EwZvjBsBVQ83G4UFXElY=
173,86,ZUVMOiaOzY9ABLWf+US1Vgykv1I=,6a8fRB6EwZvjBsBVQ83G4UFXElY=
172,86,ZUVMOiaOzY9ABLWf+US1Vgykv1I=,6a8fRB6EwZvjBsBVQ83G4UFXElY=
171,84,ZUVMOiaOzY9ABLWf+US1Vgykv1I=,6a8fRB6EwZvjBsBVQ83G4UFXElY=
170,86,ZUVMOiaOzY9ABLWf+US1Vgykv1I=,6a8fRB6EwZvjBsBVQ83G4UFXElY=
172,84,ZUVMOiaOzY9ABLWf+US1Vgykv1I=,6a8fRB6EwZvjBsBVQ83G4UFXElY=
169,86,ZUVMOiaOzY9ABLWf+US1Vgykv1I=,6a8fRB6EwZvjBsBVQ83G4UFXElY=
168,86,ZUVMOiaOzY9ABLWf+US1Vgykv1I=,6a8fRB6EwZvjBsBVQ83G4UFXElY=
171,86,ZUVMOiaOzY9ABLWf+US1Vgykv1I=,6a8fRB6EwZvjBsBVQ83G4UFXElY=
169,83,ZUVMOiaOzY9ABLWf+US1Vgykv1I=,6a8fRB6EwZvjBsBVQ83G4UFXElY=
168,83,ZUVMOiaOzY9ABLWf+US1Vgykv1I=,6a8fRB6EwZvjBsBVQ83G4UFXElY=
173,85,ZUVMOiaOzY9ABLWf+US1Vgykv1I=,6a8fRB6EwZvjBsBVQ83G4UFXElY=
174,80,ZUVMOiaOzY9ABLWf+US1Vgykv1I=,6a8fRB6EwZvjBsBVQ83G4UFXElY=
172,85,ZUVMOiaOzY9ABLWf+US1Vgykv1I=,6a8fRB6EwZvjBsBVQ83G4UFXElY=
170,85,ZUVMOiaOzY9ABLWf+US1Vgykv1I=,6a8fRB6EwZvjBsBVQ83G4UFXElY=
171,85,ZUVMOiaOzY9ABLWf+US1Vgykv1I=,6a8fRB6EwZvjBsBVQ83G4UFXElY=
168,82,ZUVMOiaOzY9ABLWf+US1Vgykv1I=,6a8fRB6EwZvjBsBVQ83G4UFXElY=
168,81,ZUVMOiaOzY9ABLWf+US1Vgykv1I=,6a8fRB6EwZvjBsBVQ83G4UFXElY=
168,85,ZUVMOiaOzY9ABLWf+US1Vgykv1I=,6a8fRB6EwZvjBsBVQ83G4UFXElY=
169,85,ZUVMOiaOzY9ABLWf+US1Vgykv1I=,6a8fRB6EwZvjBsBVQ83G4UFXElY=
170,84,ZUVMOiaOzY9ABLWf+US1Vgykv1I=,6a8fRB6EwZvjBsBVQ83G4UFXElY=
169,84,ZUVMOiaOzY9ABLWf+US1Vgykv1I=,6a8fRB6EwZvjBsBVQ83G4UFXElY=
169,82,ZUVMOiaOzY9ABLWf+US1Vgykv1I=,6a8fRB6EwZvjBsBVQ83G4UFXElY=
174,82,ZUVMOiaOzY9ABLWf+US1Vgykv1I=,6a8fRB6EwZvjBsBVQ83G4UFXElY=
168,80,ZUVMOiaOzY9ABLWf+US1Vgykv1I=,6a8fRB6EwZvjBsBVQ83G4UFXElY=
173,84,ZUVMOiaOzY9ABLWf+US1Vgykv1I=,6a8fRB6EwZvjBsBVQ83G4UFXElY=
171,80,ZUVMOiaOzY9ABLWf+US1Vgykv1I=,6a8fRB6EwZvjBsBVQ83G4UFXElY=
174,85,ZUVMOiaOzY9ABLWf+US1Vgykv1I=,6a8fRB6EwZvjBsBVQ83G4UFXElY=
172,80,ZUVMOiaOzY9ABLWf+US1Vgykv1I=,6a8fRB6EwZvjBsBVQ83G4UFXElY=
173,83,ZUVMOiaOzY9ABLWf+US1Vgykv1I=,6a8fRB6EwZvjBsBVQ83G4UFXElY=
172,81,ZUVMOiaOzY9ABLWf+US1Vgykv1I=,6a8fRB6EwZvjBsBVQ83G4UFXElY=
173,81,ZUVMOiaOzY9ABLWf+US1Vgykv1I=,6a8fRB6EwZvjBsBVQ83G4UFXElY=
172,83,ZUVMOiaOzY9ABLWf+US1Vgykv1I=,6a8fRB6EwZvjBsBVQ83G4UFXElY=
169,81,ZUVMOiaOzY9ABLWf+US1Vgykv1I=,6a8fRB6EwZvjBsBVQ83G4UFXElY=
174,83,ZUVMOiaOzY9ABLWf+US1Vgykv1I=,6a8fRB6EwZvjBsBVQ83G4UFXElY=
173,82,ZUVMOiaOzY9ABLWf+US1Vgykv1I=,6a8fRB6EwZvjBsBVQ83G4UFXElY=
169,80,ZUVMOiaOzY9ABLWf+US1Vgykv1I=,6a8fRB6EwZvjBsBVQ83G4UFXElY=
175,85,ZUVMOiaOzY9ABLWf+US1Vgykv1I=,6a8fRB6EwZvjBsBVQ83G4UFXElY=
171,82,ZUVMOiaOzY9ABLWf+US1Vgykv1I=,6a8fRB6EwZvjBsBVQ83G4UFXElY=
170,81,ZUVMOiaOzY9ABLWf+US1Vgykv1I=,6a8fRB6EwZvjBsBVQ83G4UFXElY=
172,82,ZUVMOiaOzY9ABLWf+US1Vgykv1I=,6a8fRB6EwZvjBsBVQ83G4UFXElY=
170,82,ZUVMOiaOzY9ABLWf+US1Vgykv1I=,6a8fRB6EwZvjBsBVQ83G4UFXElY=
175,83,ZUVMOiaOzY9ABLWf+US1Vgykv1I=,6a8fRB6EwZvjBsBVQ83G4UFXElY=
170,80,ZUVMOiaOzY9ABLWf+US1Vgykv1I=,6a8fRB6EwZvjBsBVQ83G4UFXElY=
175,84,ZUVMOiaOzY9ABLWf+US1Vgykv1I=,6a8fRB6EwZvjBsBVQ83G4UFXElY=
174,84,ZUVMOiaOzY9ABLWf+US1Vgykv1I=,6a8fRB6EwZvjBsBVQ83G4UFXElY=
171,81,ZUVMOiaOzY9ABLWf+US1Vgykv1I=,6a8fRB6EwZvjBsBVQ83G4UFXElY=
185,81,pM3NKmkACGWbDQqLKZsNGmzj8y0=,V3RGKlekImSNjpUivNEVxdcEmUY=
190,86,pM3NKmkACGWbDQqLKZsNGmzj8y0=,V3RGKlekImSNjpUivNEVxdcEmUY=
189,86,pM3NKmkACGWbDQqLKZsNGmzj8y0=,V3RGKlekImSNjpUivNEVxdcEmUY=
188,86,pM3NKmkACGWbDQqLKZsNGmzj8y0=,V3RGKlekImSNjpUivNEVxdcEmUY=
187,86,pM3NKmkACGWbDQqLKZsNGmzj8y0=,V3RGKlekImSNjpUivNEVxdcEmUY=
190,85,pM3NKmkACGWbDQqLKZsNGmzj8y0=,V3RGKlekImSNjpUivNEVxdcEmUY=
188,85,pM3NKmkACGWbDQqLKZsNGmzj8y0=,V3RGKlekImSNjpUivNEVxdcEmUY=
189,85,pM3NKmkACGWbDQqLKZsNGmzj8y0=,V3RGKlekImSNjpUivNEVxdcEmUY=
187,85,pM3NKmkACGWbDQqLKZsNGmzj8y0=,V3RGKlekImSNjpUivNEVxdcEmUY=
190,84,pM3NKmkACGWbDQqLKZsNGmzj8y0=,V3RGKlekImSNjpUivNEVxdcEmUY=
189,84,pM3NKmkACGWbDQqLKZsNGmzj8y0=,V3RGKlekImSNjpUivNEVxdcEmUY=
188,84,pM3NKmkACGWbDQqLKZsNGmzj8y0=,V3RGKlekImSNjpUivNEVxdcEmUY=
187,84,pM3NKmkACGWbDQqLKZsNGmzj8y0=,V3RGKlekImSNjpUivNEVxdcEmUY=
186,84,pM3NKmkACGWbDQqLKZsNGmzj8y0=,V3RGKlekImSNjpUivNEVxdcEmUY=
185,84,pM3NKmkACGWbDQqLKZsNGmzj8y0=,V3RGKlekImSNjpUivNEVxdcEmUY=
190,83,pM3NKmkACGWbDQqLKZsNGmzj8y0=,V3RGKlekImSNjpUivNEVxdcEmUY=
189,83,pM3NKmkACGWbDQqLKZsNGmzj8y0=,V3RGKlekImSNjpUivNEVxdcEmUY=
188,83,pM3NKmkACGWbDQqLKZsNGmzj8y0=,V3RGKlekImSNjpUivNEVxdcEmUY=
187,83,pM3NKmkACGWbDQqLKZsNGmzj8y0=,V3RGKlekImSNjpUivNEVxdcEmUY=
186,83,pM3NKmkACGWbDQqLKZsNGmzj8y0=,V3RGKlekImSNjpUivNEVxdcEmUY=
185,83,pM3NKmkACGWbDQqLKZsNGmzj8y0=,V3RGKlekImSNjpUivNEVxdcEmUY=
190,82,pM3NKmkACGWbDQqLKZsNGmzj8y0=,V3RGKlekImSNjpUivNEVxdcEmUY=
189,82,pM3NKmkACGWbDQqLKZsNGmzj8y0=,V3RGKlekImSNjpUivNEVxdcEmUY=
188,82,pM3NKmkACGWbDQqLKZsNGmzj8y0=,V3RGKlekImSNjpUivNEVxdcEmUY=
187,82,pM3NKmkACGWbDQqLKZsNGmzj8y0=,V3RGKlekImSNjpUivNEVxdcEmUY=
186,82,pM3NKmkACGWbDQqLKZsNGmzj8y0=,V3RGKlekImSNjpUivNEVxdcEmUY=
185,82,pM3NKmkACGWbDQqLKZsNGmzj8y0=,V3RGKlekImSNjpUivNEVxdcEmUY=
190,81,pM3NKmkACGWbDQqLKZsNGmzj8y0=,V3RGKlekImSNjpUivNEVxdcEmUY=
189,81,pM3NKmkACGWbDQqLKZsNGmzj8y0=,V3RGKlekImSNjpUivNEVxdcEmUY=
188,81,pM3NKmkACGWbDQqLKZsNGmzj8y0=,V3RGKlekImSNjpUivNEVxdcEmUY=
187,81,pM3NKmkACGWbDQqLKZsNGmzj8y0=,V3RGKlekImSNjpUivNEVxdcEmUY=
186,81,pM3NKmkACGWbDQqLKZsNGmzj8y0=,V3RGKlekImSNjpUivNEVxdcEmUY=
188,80,pM3NKmkACGWbDQqLKZsNGmzj8y0=,V3RGKlekImSNjpUivNEVxdcEmUY=
189,80,pM3NKmkACGWbDQqLKZsNGmzj8y0=,V3RGKlekImSNjpUivNEVxdcEmUY=
190,80,pM3NKmkACGWbDQqLKZsNGmzj8y0=,V3RGKlekImSNjpUivNEVxdcEmUY=
185,80,pM3NKmkACGWbDQqLKZsNGmzj8y0=,V3RGKlekImSNjpUivNEVxdcEmUY=
186,80,pM3NKmkACGWbDQqLKZsNGmzj8y0=,V3RGKlekImSNjpUivNEVxdcEmUY=
191,81,pM3NKmkACGWbDQqLKZsNGmzj8y0=,V3RGKlekImSNjpUivNEVxdcEmUY=
187,80,pM3NKmkACGWbDQqLKZsNGmzj8y0=,V3RGKlekImSNjpUivNEVxdcEmUY=
191,82,pM3NKmkACGWbDQqLKZsNGmzj8y0=,V3RGKlekImSNjpUivNEVxdcEmUY=
191,83,pM3NKmkACGWbDQqLKZsNGmzj8y0=,V3RGKlekImSNjpUivNEVxdcEmUY=
191,84,pM3NKmkACGWbDQqLKZsNGmzj8y0=,V3RGKlekImSNjpUivNEVxdcEmUY=
191,85,pM3NKmkACGWbDQqLKZsNGmzj8y0=,V3RGKlekImSNjpUivNEVxdcEmUY=
191,86,pM3NKmkACGWbDQqLKZsNGmzj8y0=,V3RGKlekImSNjpUivNEVxdcEmUY=
191,80,pM3NKmkACGWbDQqLKZsNGmzj8y0=,V3RGKlekImSNjpUivNEVxdcEmUY=
187,87,pM3NKmkACGWbDQqLKZsNGmzj8y0=,V3RGKlekImSNjpUivNEVxdcEmUY=
188,87,pM3NKmkACGWbDQqLKZsNGmzj8y0=,V3RGKlekImSNjpUivNEVxdcEmUY=
189,87,pM3NKmkACGWbDQqLKZsNGmzj8y0=,V3RGKlekImSNjpUivNEVxdcEmUY=
191,89,pM3NKmkACGWbDQqLKZsNGmzj8y0=,lB7Vvrto8UWWOSUGT+MulUXKOMI=
191,87,pM3NKmkACGWbDQqLKZsNGmzj8y0=,V3RGKlekImSNjpUivNEVxdcEmUY=
190,87,pM3NKmkACGWbDQqLKZsNGmzj8y0=,V3RGKlekImSNjpUivNEVxdcEmUY=
184,90,pM3NKmkACGWbDQqLKZsNGmzj8y0=,lB7Vvrto8UWWOSUGT+MulUXKOMI=
191,95,pM3NKmkACGWbDQqLKZsNGmzj8y0=,lB7Vvrto8UWWOSUGT+MulUXKOMI=
190,95,pM3NKmkACGWbDQqLKZsNGmzj8y0=,lB7Vvrto8UWWOSUGT+MulUXKOMI=
189,95,pM3NKmkACGWbDQqLKZsNGmzj8y0=,lB7Vvrto8UWWOSUGT+MulUXKOMI=
188,95,pM3NKmkACGWbDQqLKZsNGmzj8y0=,lB7Vvrto8UWWOSUGT+MulUXKOMI=
185,90,pM3NKmkACGWbDQqLKZsNGmzj8y0=,lB7Vvrto8UWWOSUGT+MulUXKOMI=
186,95,pM3NKmkACGWbDQqLKZsNGmzj8y0=,lB7Vvrto8UWWOSUGT+MulUXKOMI=
185,95,pM3NKmkACGWbDQqLKZsNGmzj8y0=,lB7Vvrto8UWWOSUGT+MulUXKOMI=
187,95,pM3NKmkACGWbDQqLKZsNGmzj8y0=,lB7Vvrto8UWWOSUGT+MulUXKOMI=
184,91,pM3NKmkACGWbDQqLKZsNGmzj8y0=,lB7Vvrto8UWWOSUGT+MulUXKOMI=
185,91,pM3NKmkACGWbDQqLKZsNGmzj8y0=,lB7Vvrto8UWWOSUGT+MulUXKOMI=
184,95,pM3NKmkACGWbDQqLKZsNGmzj8y0=,lB7Vvrto8UWWOSUGT+MulUXKOMI=
190,94,pM3NKmkACGWbDQqLKZsNGmzj8y0=,lB7Vvrto8UWWOSUGT+MulUXKOMI=
188,94,pM3NKmkACGWbDQqLKZsNGmzj8y0=,lB7Vvrto8UWWOSUGT+MulUXKOMI=
189,94,pM3NKmkACGWbDQqLKZsNGmzj8y0=,lB7Vvrto8UWWOSUGT+MulUXKOMI=
191,94,pM3NKmkACGWbDQqLKZsNGmzj8y0=,lB7Vvrto8UWWOSUGT+MulUXKOMI=
187,94,pM3NKmkACGWbDQqLKZsNGmzj8y0=,lB7Vvrto8UWWOSUGT+MulUXKOMI=
186,94,pM3NKmkACGWbDQqLKZsNGmzj8y0=,lB7Vvrto8UWWOSUGT+MulUXKOMI=
185,94,pM3NKmkACGWbDQqLKZsNGmzj8y0=,lB7Vvrto8UWWOSUGT+MulUXKOMI=
184,94,pM3NKmkACGWbDQqLKZsNGmzj8y0=,lB7Vvrto8UWWOSUGT+MulUXKOMI=
189,93,pM3NKmkACGWbDQqLKZsNGmzj8y0=,lB7Vvrto8UWWOSUGT+MulUXKOMI=
188,93,pM3NKmkACGWbDQqLKZsNGmzj8y0=,lB7Vvrto8UWWOSUGT+MulUXKOMI=
187,93,pM3NKmkACGWbDQqLKZsNGmzj8y0=,lB7Vvrto8UWWOSUGT+MulUXKOMI=
185,93,pM3NKmkACGWbDQqLKZsNGmzj8y0=,lB7Vvrto8UWWOSUGT+MulUXKOMI=
186,93,pM3NKmkACGWbDQqLKZsNGmzj8y0=,lB7Vvrto8UWWOSUGT+MulUXKOMI=
189,92,pM3NKmkACGWbDQqLKZsNGmzj8y0=,lB7Vvrto8UWWOSUGT+MulUXKOMI=
184,93,pM3NKmkACGWbDQqLKZsNGmzj8y0=,lB7Vvrto8UWWOSUGT+MulUXKOMI=
188,92,pM3NKmkACGWbDQqLKZsNGmzj8y0=,lB7Vvrto8UWWOSUGT+MulUXKOMI=
187,92,pM3NKmkACGWbDQqLKZsNGmzj8y0=,lB7Vvrto8UWWOSUGT+MulUXKOMI=
185,92,pM3NKmkACGWbDQqLKZsNGmzj8y0=,lB7Vvrto8UWWOSUGT+MulUXKOMI=
186,92,pM3NKmkACGWbDQqLKZsNGmzj8y0=,lB7Vvrto8UWWOSUGT+MulUXKOMI=
184,92,pM3NKmkACGWbDQqLKZsNGmzj8y0=,lB7Vvrto8UWWOSUGT+MulUXKOMI=
191,88,pM3NKmkACGWbDQqLKZsNGmzj8y0=,lB7Vvrto8UWWOSUGT+MulUXKOMI=
184,89,pM3NKmkACGWbDQqLKZsNGmzj8y0=,lB7Vvrto8UWWOSUGT+MulUXKOMI=
190,88,pM3NKmkACGWbDQqLKZsNGmzj8y0=,lB7Vvrto8UWWOSUGT+MulUXKOMI=
188,91,pM3NKmkACGWbDQqLKZsNGmzj8y0=,lB7Vvrto8UWWOSUGT+MulUXKOMI=
187,91,pM3NKmkACGWbDQqLKZsNGmzj8y0=,lB7Vvrto8UWWOSUGT+MulUXKOMI=
186,91,pM3NKmkACGWbDQqLKZsNGmzj8y0=,lB7Vvrto8UWWOSUGT+MulUXKOMI=
189,88,pM3NKmkACGWbDQqLKZsNGmzj8y0=,lB7Vvrto8UWWOSUGT+MulUXKOMI=
177,82,pM3NKmkACGWbDQqLKZsNGmzj8y0=,wFhSAiuerdp/NtNwSnuuREiP5QY=
179,83,pM3NKmkACGWbDQqLKZsNGmzj8y0=,wFhSAiuerdp/NtNwSnuuREiP5QY=
179,80,pM3NKmkACGWbDQqLKZsNGmzj8y0=,wFhSAiuerdp/NtNwSnuuREiP5QY=
183,81,pM3NKmkACGWbDQqLKZsNGmzj8y0=,wFhSAiuerdp/NtNwSnuuREiP5QY=
180,83,pM3NKmkACGWbDQqLKZsNGmzj8y0=,wFhSAiuerdp/NtNwSnuuREiP5QY=
183,82,pM3NKmkACGWbDQqLKZsNGmzj8y0=,wFhSAiuerdp/NtNwSnuuREiP5QY=
184,80,pM3NKmkACGWbDQqLKZsNGmzj8y0=,V3RGKlekImSNjpUivNEVxdcEmUY=
180,80,pM3NKmkACGWbDQqLKZsNGmzj8y0=,wFhSAiuerdp/NtNwSnuuREiP5QY=
182,82,pM3NKmkACGWbDQqLKZsNGmzj8y0=,wFhSAiuerdp/NtNwSnuuREiP5QY=
183,80,pM3NKmkACGWbDQqLKZsNGmzj8y0=,wFhSAiuerdp/NtNwSnuuREiP5QY=
184,81,pM3NKmkACGWbDQqLKZsNGmzj8y0=,V3RGKlekImSNjpUivNEVxdcEmUY=
181,81,pM3NKmkACGWbDQqLKZsNGmzj8y0=,wFhSAiuerdp/NtNwSnuuREiP5QY=
181,82,pM3NKmkACGWbDQqLKZsNGmzj8y0=,wFhSAiuerdp/NtNwSnuuREiP5QY=
179,82,pM3NKmkACGWbDQqLKZsNGmzj8y0=,wFhSAiuerdp/NtNwSnuuREiP5QY=
180,82,pM3NKmkACGWbDQqLKZsNGmzj8y0=,wFhSAiuerdp/NtNwSnuuREiP5QY=
182,81,pM3NKmkACGWbDQqLKZsNGmzj8y0=,wFhSAiuerdp/NtNwSnuuREiP5QY=
182,80,pM3NKmkACGWbDQqLKZsNGmzj8y0=,wFhSAiuerdp/NtNwSnuuREiP5QY=
182,87,pM3NKmkACGWbDQqLKZsNGmzj8y0=,wFhSAiuerdp/NtNwSnuuREiP5QY=
180,81,pM3NKmkACGWbDQqLKZsNGmzj8y0=,wFhSAiuerdp/NtNwSnuuREiP5QY=
176,87,pM3NKmkACGWbDQqLKZsNGmzj8y0=,wFhSAiuerdp/NtNwSnuuREiP5QY=
177,80,pM3NKmkACGWbDQqLKZsNGmzj8y0=,wFhSAiuerdp/NtNwSnuuREiP5QY=
181,83,pM3NKmkACGWbDQqLKZsNGmzj8y0=,wFhSAiuerdp/NtNwSnuuREiP5QY=
179,81,pM3NKmkACGWbDQqLKZsNGmzj8y0=,wFhSAiuerdp/NtNwSnuuREiP5QY=
178,80,pM3NKmkACGWbDQqLKZsNGmzj8y0=,wFhSAiuerdp/NtNwSnuuREiP5QY=
177,87,pM3NKmkACGWbDQqLKZsNGmzj8y0=,wFhSAiuerdp/NtNwSnuuREiP5QY=
179,84,pM3NKmkACGWbDQqLKZsNGmzj8y0=,wFhSAiuerdp/NtNwSnuuREiP5QY=
178,81,pM3NKmkACGWbDQqLKZsNGmzj8y0=,wFhSAiuerdp/NtNwSnuuREiP5QY=
177,81,pM3NKmkACGWbDQqLKZsNGmzj8y0=,wFhSAiuerdp/NtNwSnuuREiP5QY=
184,83,pM3NKmkACGWbDQqLKZsNGmzj8y0=,V3RGKlekImSNjpUivNEVxdcEmUY=
181,80,pM3NKmkACGWbDQqLKZsNGmzj8y0=,wFhSAiuerdp/NtNwSnuuREiP5QY=
176,80,pM3NKmkACGWbDQqLKZsNGmzj8y0=,wFhSAiuerdp/NtNwSnuuREiP5QY=
176,81,pM3NKmkACGWbDQqLKZsNGmzj8y0=,wFhSAiuerdp/NtNwSnuuREiP5QY=
179,87,pM3NKmkACGWbDQqLKZsNGmzj8y0=,wFhSAiuerdp/NtNwSnuuREiP5QY=
176,82,pM3NKmkACGWbDQqLKZsNGmzj8y0=,wFhSAiuerdp/NtNwSnuuREiP5QY=
181,84,pM3NKmkACGWbDQqLKZsNGmzj8y0=,wFhSAiuerdp/NtNwSnuuREiP5QY=
183,83,pM3NKmkACGWbDQqLKZsNGmzj8y0=,wFhSAiuerdp/NtNwSnuuREiP5QY=
178,82,pM3NKmkACGWbDQqLKZsNGmzj8y0=,wFhSAiuerdp/NtNwSnuuREiP5QY=
184,82,pM3NKmkACGWbDQqLKZsNGmzj8y0=,V3RGKlekImSNjpUivNEVxdcEmUY=
182,83,pM3NKmkACGWbDQqLKZsNGmzj8y0=,wFhSAiuerdp/NtNwSnuuREiP5QY=
178,87,pM3NKmkACGWbDQqLKZsNGmzj8y0=,wFhSAiuerdp/NtNwSnuuREiP5QY=
182,84,pM3NKmkACGWbDQqLKZsNGmzj8y0=,wFhSAiuerdp/NtNwSnuuREiP5QY=
185,89,pM3NKmkACGWbDQqLKZsNGmzj8y0=,lB7Vvrto8UWWOSUGT+MulUXKOMI=
186,90,pM3NKmkACGWbDQqLKZsNGmzj8y0=,lB7Vvrto8UWWOSUGT+MulUXKOMI=
186,85,pM3NKmkACGWbDQqLKZsNGmzj8y0=,V3RGKlekImSNjpUivNEVxdcEmUY=
187,88,pM3NKmkACGWbDQqLKZsNGmzj8y0=,lB7Vvrto8UWWOSUGT+MulUXKOMI=
190,89,pM3NKmkACGWbDQqLKZsNGmzj8y0=,lB7Vvrto8UWWOSUGT+MulUXKOMI=
190,93,pM3NKmkACGWbDQqLKZsNGmzj8y0=,lB7Vvrto8UWWOSUGT+MulUXKOMI=
190,92,pM3NKmkACGWbDQqLKZsNGmzj8y0=,lB7Vvrto8UWWOSUGT+MulUXKOMI=
177,83,pM3NKmkACGWbDQqLKZsNGmzj8y0=,wFhSAiuerdp/NtNwSnuuREiP5QY=
185,85,pM3NKmkACGWbDQqLKZsNGmzj8y0=,V3RGKlekImSNjpUivNEVxdcEmUY=
187,90,pM3NKmkACGWbDQqLKZsNGmzj8y0=,lB7Vvrto8UWWOSUGT+MulUXKOMI=
178,83,pM3NKmkACGWbDQqLKZsNGmzj8y0=,wFhSAiuerdp/NtNwSnuuREiP5QY=
180,84,pM3NKmkACGWbDQqLKZsNGmzj8y0=,wFhSAiuerdp/NtNwSnuuREiP5QY=
181,87,pM3NKmkACGWbDQqLKZsNGmzj8y0=,wFhSAiuerdp/NtNwSnuuREiP5QY=
184,87,pM3NKmkACGWbDQqLKZsNGmzj8y0=,V3RGKlekImSNjpUivNEVxdcEmUY=
185,87,pM3NKmkACGWbDQqLKZsNGmzj8y0=,V3RGKlekImSNjpUivNEVxdcEmUY=
186,86,pM3NKmkACGWbDQqLKZsNGmzj8y0=,V3RGKlekImSNjpUivNEVxdcEmUY=
176,83,pM3NKmkACGWbDQqLKZsNGmzj8y0=,wFhSAiuerdp/NtNwSnuuREiP5QY=
188,90,pM3NKmkACGWbDQqLKZsNGmzj8y0=,lB7Vvrto8UWWOSUGT+MulUXKOMI=
186,87,pM3NKmkACGWbDQqLKZsNGmzj8y0=,V3RGKlekImSNjpUivNEVxdcEmUY=
186,88,pM3NKmkACGWbDQqLKZsNGmzj8y0=,lB7Vvrto8UWWOSUGT+MulUXKOMI=
188,88,pM3NKmkACGWbDQqLKZsNGmzj8y0=,lB7Vvrto8UWWOSUGT+MulUXKOMI=
184,84,pM3NKmkACGWbDQqLKZsNGmzj8y0=,V3RGKlekImSNjpUivNEVxdcEmUY=
186,89,pM3NKmkACGWbDQqLKZsNGmzj8y0=,lB7Vvrto8UWWOSUGT+MulUXKOMI=
185,88,pM3NKmkACGWbDQqLKZsNGmzj8y0=,lB7Vvrto8UWWOSUGT+MulUXKOMI=
184,85,pM3NKmkACGWbDQqLKZsNGmzj8y0=,V3RGKlekImSNjpUivNEVxdcEmUY=
187,89,pM3NKmkACGWbDQqLKZsNGmzj8y0=,lB7Vvrto8UWWOSUGT+MulUXKOMI=
191,90,pM3NKmkACGWbDQqLKZsNGmzj8y0=,lB7Vvrto8UWWOSUGT+MulUXKOMI=
182,86,pM3NKmkACGWbDQqLKZsNGmzj8y0=,wFhSAiuerdp/NtNwSnuuREiP5QY=
184,88,pM3NKmkACGWbDQqLKZsNGmzj8y0=,lB7Vvrto8UWWOSUGT+MulUXKOMI=
185,86,pM3NKmkACGWbDQqLKZsNGmzj8y0=,V3RGKlekImSNjpUivNEVxdcEmUY=
176,86,pM3NKmkACGWbDQqLKZsNGmzj8y0=,wFhSAiuerdp/NtNwSnuuREiP5QY=
183,87,pM3NKmkACGWbDQqLKZsNGmzj8y0=,wFhSAiuerdp/NtNwSnuuREiP5QY=
189,90,pM3NKmkACGWbDQqLKZsNGmzj8y0=,lB7Vvrto8UWWOSUGT+MulUXKOMI=
178,84,pM3NKmkACGWbDQqLKZsNGmzj8y0=,wFhSAiuerdp/NtNwSnuuREiP5QY=
189,89,pM3NKmkACGWbDQqLKZsNGmzj8y0=,lB7Vvrto8UWWOSUGT+MulUXKOMI=
182,85,pM3NKmkACGWbDQqLKZsNGmzj8y0=,wFhSAiuerdp/NtNwSnuuREiP5QY=
177,85,pM3NKmkACGWbDQqLKZsNGmzj8y0=,wFhSAiuerdp/NtNwSnuuREiP5QY=
189,91,pM3NKmkACGWbDQqLKZsNGmzj8y0=,lB7Vvrto8UWWOSUGT+MulUXKOMI=
183,86,pM3NKmkACGWbDQqLKZsNGmzj8y0=,wFhSAiuerdp/NtNwSnuuREiP5QY=
183,84,pM3NKmkACGWbDQqLKZsNGmzj8y0=,wFhSAiuerdp/NtNwSnuuREiP5QY=
190,90,pM3NKmkACGWbDQqLKZsNGmzj8y0=,lB7Vvrto8UWWOSUGT+MulUXKOMI=
184,86,pM3NKmkACGWbDQqLKZsNGmzj8y0=,V3RGKlekImSNjpUivNEVxdcEmUY=
188,89,pM3NKmkACGWbDQqLKZsNGmzj8y0=,lB7Vvrto8UWWOSUGT+MulUXKOMI=
190,91,pM3NKmkACGWbDQqLKZsNGmzj8y0=,lB7Vvrto8UWWOSUGT+MulUXKOMI=
191,92,pM3NKmkACGWbDQqLKZsNGmzj8y0=,lB7Vvrto8UWWOSUGT+MulUXKOMI=
181,86,pM3NKmkACGWbDQqLKZsNGmzj8y0=,wFhSAiuerdp/NtNwSnuuREiP5QY=
180,87,pM3NKmkACGWbDQqLKZsNGmzj8y0=,wFhSAiuerdp/NtNwSnuuREiP5QY=
179,86,pM3NKmkACGWbDQqLKZsNGmzj8y0=,wFhSAiuerdp/NtNwSnuuREiP5QY=
179,85,pM3NKmkACGWbDQqLKZsNGmzj8y0=,wFhSAiuerdp/NtNwSnuuREiP5QY=
191,91,pM3NKmkACGWbDQqLKZsNGmzj8y0=,lB7Vvrto8UWWOSUGT+MulUXKOMI=
180,86,pM3NKmkACGWbDQqLKZsNGmzj8y0=,wFhSAiuerdp/NtNwSnuuREiP5QY=
176,85,pM3NKmkACGWbDQqLKZsNGmzj8y0=,wFhSAiuerdp/NtNwSnuuREiP5QY=
183,85,pM3NKmkACGWbDQqLKZsNGmzj8y0=,wFhSAiuerdp/NtNwSnuuREiP5QY=
180,85,pM3NKmkACGWbDQqLKZsNGmzj8y0=,wFhSAiuerdp/NtNwSnuuREiP5QY=
191,93,pM3NKmkACGWbDQqLKZsNGmzj8y0=,lB7Vvrto8UWWOSUGT+MulUXKOMI=
181,85,pM3NKmkACGWbDQqLKZsNGmzj8y0=,wFhSAiuerdp/NtNwSnuuREiP5QY=
178,85,pM3NKmkACGWbDQqLKZsNGmzj8y0=,wFhSAiuerdp/NtNwSnuuREiP5QY=
177,86,pM3NKmkACGWbDQqLKZsNGmzj8y0=,wFhSAiuerdp/NtNwSnuuREiP5QY=
177,84,pM3NKmkACGWbDQqLKZsNGmzj8y0=,wFhSAiuerdp/NtNwSnuuREiP5QY=
176,84,pM3NKmkACGWbDQqLKZsNGmzj8y0=,wFhSAiuerdp/NtNwSnuuREiP5QY=
178,86,pM3NKmkACGWbDQqLKZsNGmzj8y0=,wFhSAiuerdp/NtNwSnuuREiP5QY=
